Expected_Cost_our,Expected_Discomfort_our,
0.80672313639,1.01395553123,
Actual_Cost_our,Actual_Discomfort_our,
0.800998981714,1.07945177836,
Expected_Cost_Du,Expected_Discomfort_Du,
1.52012158939,0.0,
Actual_Cost_Du,Actual_Discomfort_Du,
1.52012158939,0.0,
Actual_Cost_Apt,Actual_Discomfort_Apt,
1.3962217216,2e-07,
Run Time,0.230000019073,
optimality gap,0.01,
index,T_set_our,
1,25.0,
2,25.0,
3,25.0,
4,49.0,
5,73.0,
6,75.0,
7,75.0,
8,75.0,
9,25.0,
10,51.0,
11,25.0,
12,25.0,
13,25.0,
14,75.0,
15,43.0,
16,25.0,
17,25.0,
18,25.0,
19,25.0,
20,25.0,
21,25.0,
22,25.0,
23,25.0,
24,25.0,
