Expected_Cost_our,Expected_Discomfort_our,
0.475482149227,0.345282588432,
Actual_Cost_our,Actual_Discomfort_our,
0.475816788111,0.345976597971,
Expected_Cost_Du,Expected_Discomfort_Du,
0.529776684291,0.578334921388,
Actual_Cost_Du,Actual_Discomfort_Du,
0.529776684291,0.578334921388,
Actual_Cost_Apt,Actual_Discomfort_Apt,
0.76373292234,2e-07,
Run Time,0.334000110626,
optimality gap,0.01,
index,T_set_our,
1,25.0,
2,25.0,
3,51.0,
4,75.0,
5,25.0,
6,25.0,
7,75.0,
8,25.0,
9,25.0,
10,25.0,
11,75.0,
12,25.0,
13,38.0,
14,25.0,
15,58.0,
16,25.0,
17,25.0,
18,52.0,
19,25.0,
20,25.0,
21,25.0,
22,25.0,
23,25.0,
24,25.0,
