Expected_Cost_our,Expected_Discomfort_our,
0.688741483672,0.816864796867,
Actual_Cost_our,Actual_Discomfort_our,
0.688632567917,0.79772485014,
Expected_Cost_Du,Expected_Discomfort_Du,
1.22047645477,0.0,
Actual_Cost_Du,Actual_Discomfort_Du,
1.22047645477,0.0,
Actual_Cost_Apt,Actual_Discomfort_Apt,
0.977263732789,3e-07,
Run Time,0.389000177383,
optimality gap,0.01,
index,T_set_our,
1,25.0,
2,25.0,
3,40.0,
4,51.0,
5,75.0,
6,74.0,
7,73.0,
8,66.0,
9,25.0,
10,25.0,
11,40.0,
12,55.0,
13,52.0,
14,51.0,
15,44.0,
16,25.0,
17,37.0,
18,28.0,
19,28.0,
20,28.0,
21,25.0,
22,26.0,
23,25.0,
24,25.0,
