Expected_Cost_our,Expected_Discomfort_our,
1.33652560616,2.3347617781,
Actual_Cost_our,Actual_Discomfort_our,
1.32874474971,2.41756659059,
Expected_Cost_Du,Expected_Discomfort_Du,
1.98750617087,5.63395513122,
Actual_Cost_Du,Actual_Discomfort_Du,
1.98750617087,5.63395513122,
Actual_Cost_Apt,Actual_Discomfort_Apt,
1.86340821346,2.64559296934,
Run Time,0.171000003815,
optimality gap,0.01,
index,T_set_our,
1,25.0,
2,25.0,
3,25.0,
4,50.0,
5,60.0,
6,25.0,
7,25.0,
8,25.0,
9,25.0,
10,25.0,
11,53.0,
12,75.0,
13,25.0,
14,25.0,
15,25.0,
16,25.0,
17,75.0,
18,75.0,
19,74.0,
20,75.0,
21,25.0,
22,72.0,
23,29.0,
24,25.0,
