Expected_Cost_our,Expected_Discomfort_our,
1.47322173452,0.0,
Actual_Cost_our,Actual_Discomfort_our,
1.47379033044,0.0,
Expected_Cost_Du,Expected_Discomfort_Du,
1.47359902101,0.0,
Actual_Cost_Du,Actual_Discomfort_Du,
1.47359902101,0.0,
Actual_Cost_Apt,Actual_Discomfort_Apt,
1.59487276504,0.0,
Run Time,0.209000110626,
optimality gap,0.01,
index,T_set_our,
1,25.0,
2,25.0,
3,25.0,
4,25.0,
5,25.0,
6,47.0,
7,47.0,
8,40.0,
9,54.0,
10,75.0,
11,25.0,
12,25.0,
13,25.0,
14,55.0,
15,75.0,
16,75.0,
17,25.0,
18,25.0,
19,25.0,
20,25.0,
21,25.0,
22,25.0,
23,25.0,
24,25.0,
