Expected_Cost_our,Expected_Discomfort_our,
1.69026214302,0.590326337475,
Actual_Cost_our,Actual_Discomfort_our,
1.69065814997,0.592361708035,
Expected_Cost_Du,Expected_Discomfort_Du,
2.05697621095,0.0,
Actual_Cost_Du,Actual_Discomfort_Du,
2.05697621095,0.0,
Actual_Cost_Apt,Actual_Discomfort_Apt,
2.25215838813,1e-07,
Run Time,0.197999954224,
optimality gap,0.01,
index,T_set_our,
1,25.0,
2,25.0,
3,75.0,
4,25.0,
5,75.0,
6,25.0,
7,25.0,
8,25.0,
9,58.0,
10,25.0,
11,25.0,
12,26.0,
13,25.0,
14,36.0,
15,75.0,
16,25.0,
17,75.0,
18,25.0,
19,25.0,
20,25.0,
21,25.0,
22,25.0,
23,25.0,
24,25.0,
