Expected_Cost_our,Expected_Discomfort_our,
2.08781736621,0.0,
Actual_Cost_our,Actual_Discomfort_our,
2.08820623409,2e-07,
Expected_Cost_Du,Expected_Discomfort_Du,
2.07831568549,2.40993885198,
Actual_Cost_Du,Actual_Discomfort_Du,
2.07831568549,2.40993885198,
Actual_Cost_Apt,Actual_Discomfort_Apt,
2.01517009377,0.647886950537,
Run Time,0.177000045776,
optimality gap,0.01,
index,T_set_our,
1,25.0,
2,25.0,
3,25.0,
4,25.0,
5,25.0,
6,25.0,
7,75.0,
8,59.0,
9,40.0,
10,75.0,
11,40.0,
12,51.0,
13,75.0,
14,49.0,
15,25.0,
16,25.0,
17,25.0,
18,25.0,
19,25.0,
20,25.0,
21,25.0,
22,25.0,
23,25.0,
24,25.0,
