Expected_Cost_our,Expected_Discomfort_our,
2.20336967467,2.98524908704,
Actual_Cost_our,Actual_Discomfort_our,
2.20479200118,2.97937916599,
Expected_Cost_Du,Expected_Discomfort_Du,
3.02473031228,2.31124542545,
Actual_Cost_Du,Actual_Discomfort_Du,
3.02473031228,2.31124542545,
Actual_Cost_Apt,Actual_Discomfort_Apt,
2.80141614358,1.26325843384,
Run Time,0.167999982834,
optimality gap,0.01,
index,T_set_our,
1,25.0,
2,25.0,
3,25.0,
4,25.0,
5,25.0,
6,47.0,
7,75.0,
8,25.0,
9,25.0,
10,25.0,
11,25.0,
12,73.0,
13,25.0,
14,52.0,
15,57.0,
16,25.0,
17,25.0,
18,40.0,
19,25.0,
20,25.0,
21,25.0,
22,25.0,
23,25.0,
24,25.0,
