Expected_Cost_our,Expected_Discomfort_our,
1.68896422106,0.631373820133,
Actual_Cost_our,Actual_Discomfort_our,
1.68993589507,0.632042894843,
Expected_Cost_Du,Expected_Discomfort_Du,
2.01341755065,0.0,
Actual_Cost_Du,Actual_Discomfort_Du,
2.01341755065,0.0,
Actual_Cost_Apt,Actual_Discomfort_Apt,
2.05271755337,0.0,
Run Time,0.188999891281,
optimality gap,0.01,
index,T_set_our,
1,25.0,
2,25.0,
3,25.0,
4,39.0,
5,25.0,
6,72.0,
7,25.0,
8,25.0,
9,25.0,
10,25.0,
11,40.0,
12,57.0,
13,75.0,
14,25.0,
15,35.0,
16,25.0,
17,25.0,
18,25.0,
19,25.0,
20,54.0,
21,25.0,
22,25.0,
23,25.0,
24,25.0,
