Expected_Cost_our,Expected_Discomfort_our,
1.27862991798,0.0618264589696,
Actual_Cost_our,Actual_Discomfort_our,
1.2791607682,0.0623525303149,
Expected_Cost_Du,Expected_Discomfort_Du,
1.4186646006,0.0,
Actual_Cost_Du,Actual_Discomfort_Du,
1.4186646006,0.0,
Actual_Cost_Apt,Actual_Discomfort_Apt,
1.70845755656,1e-07,
Run Time,0.176000118256,
optimality gap,0.01,
index,T_set_our,
1,25.0,
2,25.0,
3,25.0,
4,25.0,
5,65.0,
6,75.0,
7,30.0,
8,59.0,
9,25.0,
10,49.0,
11,25.0,
12,25.0,
13,40.0,
14,25.0,
15,25.0,
16,25.0,
17,25.0,
18,25.0,
19,25.0,
20,25.0,
21,25.0,
22,25.0,
23,25.0,
24,25.0,
