Expected_Cost_our,Expected_Discomfort_our,
1.66961864657,0.00152389518256,
Actual_Cost_our,Actual_Discomfort_our,
1.6701795257,0.00157854930143,
Expected_Cost_Du,Expected_Discomfort_Du,
1.68766442146,0.0,
Actual_Cost_Du,Actual_Discomfort_Du,
1.68766442146,0.0,
Actual_Cost_Apt,Actual_Discomfort_Apt,
1.75002281974,3e-07,
Run Time,0.162000179291,
optimality gap,0.01,
index,T_set_our,
1,25.0,
2,25.0,
3,25.0,
4,25.0,
5,25.0,
6,25.0,
7,68.0,
8,25.0,
9,25.0,
10,62.0,
11,75.0,
12,40.0,
13,60.0,
14,25.0,
15,51.0,
16,25.0,
17,25.0,
18,25.0,
19,25.0,
20,25.0,
21,25.0,
22,25.0,
23,25.0,
24,25.0,
