Expected_Cost_our,Expected_Discomfort_our,
1.95944447522,0.00549609749972,
Actual_Cost_our,Actual_Discomfort_our,
1.96050025143,1e-07,
Expected_Cost_Du,Expected_Discomfort_Du,
1.95876482667,0.0,
Actual_Cost_Du,Actual_Discomfort_Du,
1.95876482667,0.0,
Actual_Cost_Apt,Actual_Discomfort_Apt,
2.0774544043,2e-07,
Run Time,0.188999891281,
optimality gap,0.01,
index,T_set_our,
1,25.0,
2,25.0,
3,25.0,
4,25.0,
5,75.0,
6,25.0,
7,25.0,
8,25.0,
9,48.0,
10,25.0,
11,40.0,
12,39.0,
13,62.0,
14,58.0,
15,75.0,
16,25.0,
17,25.0,
18,25.0,
19,25.0,
20,25.0,
21,25.0,
22,25.0,
23,25.0,
24,25.0,
