Expected_Cost_our,Expected_Discomfort_our,
2.04113561066,2.21284089333,
Actual_Cost_our,Actual_Discomfort_our,
2.07788232119,2.00795924217,
Expected_Cost_Du,Expected_Discomfort_Du,
3.52422648257,0.0,
Actual_Cost_Du,Actual_Discomfort_Du,
3.52422648257,0.0,
Actual_Cost_Apt,Actual_Discomfort_Apt,
4.13545553568,1e-07,
Run Time,0.192999839783,
optimality gap,0.01,
index,T_set_our,
1,25.0,
2,25.0,
3,27.0,
4,52.0,
5,75.0,
6,25.0,
7,25.0,
8,25.0,
9,25.0,
10,25.0,
11,57.0,
12,36.0,
13,75.0,
14,75.0,
15,25.0,
16,25.0,
17,25.0,
18,25.0,
19,46.0,
20,37.0,
21,25.0,
22,25.0,
23,25.0,
24,25.0,
