Expected_Cost_our,Expected_Discomfort_our,
1.71237082491,1.42778156951,
Actual_Cost_our,Actual_Discomfort_our,
1.71279857059,1.43187517312,
Expected_Cost_Du,Expected_Discomfort_Du,
1.95551645936,1.49551111378,
Actual_Cost_Du,Actual_Discomfort_Du,
1.95551645936,1.49551111378,
Actual_Cost_Apt,Actual_Discomfort_Apt,
1.94709845846,0.689307793217,
Run Time,0.183000087738,
optimality gap,0.01,
index,T_set_our,
1,25.0,
2,25.0,
3,25.0,
4,25.0,
5,75.0,
6,49.0,
7,25.0,
8,25.0,
9,40.0,
10,40.0,
11,75.0,
12,25.0,
13,25.0,
14,25.0,
15,75.0,
16,32.0,
17,25.0,
18,25.0,
19,25.0,
20,25.0,
21,25.0,
22,25.0,
23,25.0,
24,25.0,
