Expected_Cost_our,Expected_Discomfort_our,
0.91348522928,0.0219561203746,
Actual_Cost_our,Actual_Discomfort_our,
0.913792109464,0.0235247387086,
Expected_Cost_Du,Expected_Discomfort_Du,
1.02757239968,0.0,
Actual_Cost_Du,Actual_Discomfort_Du,
1.02757239968,0.0,
Actual_Cost_Apt,Actual_Discomfort_Apt,
1.05786269741,1e-07,
Run Time,0.171000003815,
optimality gap,0.01,
index,T_set_our,
1,25.0,
2,25.0,
3,25.0,
4,25.0,
5,25.0,
6,75.0,
7,75.0,
8,25.0,
9,25.0,
10,25.0,
11,25.0,
12,25.0,
13,25.0,
14,25.0,
15,75.0,
16,25.0,
17,25.0,
18,25.0,
19,25.0,
20,25.0,
21,25.0,
22,25.0,
23,25.0,
24,25.0,
