Expected_Cost_our,Expected_Discomfort_our,
0.902657126489,2.16154989169,
Actual_Cost_our,Actual_Discomfort_our,
0.849206052851,2.65892649592,
Expected_Cost_Du,Expected_Discomfort_Du,
1.51903341755,6.28993671995,
Actual_Cost_Du,Actual_Discomfort_Du,
1.51903341755,6.28993671995,
Actual_Cost_Apt,Actual_Discomfort_Apt,
1.31073851596,3.22289586533,
Run Time,0.210000038147,
optimality gap,0.01,
index,T_set_our,
1,25.0,
2,25.0,
3,25.0,
4,52.0,
5,25.0,
6,25.0,
7,25.0,
8,25.0,
9,25.0,
10,25.0,
11,25.0,
12,53.0,
13,75.0,
14,75.0,
15,75.0,
16,75.0,
17,25.0,
18,25.0,
19,25.0,
20,25.0,
21,25.0,
22,25.0,
23,25.0,
24,64.0,
