Expected_Cost_our,Expected_Discomfort_our,
1.82562749735,0.888222291214,
Actual_Cost_our,Actual_Discomfort_our,
1.82814199819,0.871675825866,
Expected_Cost_Du,Expected_Discomfort_Du,
2.20401103543,7.19948963474,
Actual_Cost_Du,Actual_Discomfort_Du,
2.20401103543,7.19948963474,
Actual_Cost_Apt,Actual_Discomfort_Apt,
1.98743077843,3.64495158201,
Run Time,0.185000181198,
optimality gap,0.01,
index,T_set_our,
1,25.0,
2,26.0,
3,49.0,
4,54.0,
5,25.0,
6,25.0,
7,25.0,
8,25.0,
9,25.0,
10,25.0,
11,25.0,
12,67.0,
13,47.0,
14,75.0,
15,75.0,
16,49.0,
17,41.0,
18,49.0,
19,75.0,
20,75.0,
21,39.0,
22,35.0,
23,25.0,
24,28.0,
