Expected_Cost_our,Expected_Discomfort_our,
1.94704371606,0.785444740025,
Actual_Cost_our,Actual_Discomfort_our,
1.9474536921,0.787248979266,
Expected_Cost_Du,Expected_Discomfort_Du,
2.0281979093,0.0,
Actual_Cost_Du,Actual_Discomfort_Du,
2.0281979093,0.0,
Actual_Cost_Apt,Actual_Discomfort_Apt,
2.15547039698,3e-07,
Run Time,0.161999940872,
optimality gap,0.01,
index,T_set_our,
1,25.0,
2,25.0,
3,33.0,
4,75.0,
5,51.0,
6,75.0,
7,25.0,
8,25.0,
9,25.0,
10,25.0,
11,34.0,
12,75.0,
13,25.0,
14,25.0,
15,66.0,
16,25.0,
17,25.0,
18,25.0,
19,25.0,
20,25.0,
21,25.0,
22,25.0,
23,25.0,
24,25.0,
