Expected_Cost_our,Expected_Discomfort_our,
1.09903038065,0.0793678821852,
Actual_Cost_our,Actual_Discomfort_our,
1.10012482469,0.0796624237616,
Expected_Cost_Du,Expected_Discomfort_Du,
1.11172935241,0.0,
Actual_Cost_Du,Actual_Discomfort_Du,
1.11172935241,0.0,
Actual_Cost_Apt,Actual_Discomfort_Apt,
1.23497424957,0.164770408567,
Run Time,0.173000097275,
optimality gap,0.01,
index,T_set_our,
1,25.0,
2,25.0,
3,25.0,
4,25.0,
5,25.0,
6,40.0,
7,25.0,
8,25.0,
9,25.0,
10,25.0,
11,25.0,
12,25.0,
13,51.0,
14,25.0,
15,75.0,
16,75.0,
17,75.0,
18,25.0,
19,25.0,
20,25.0,
21,25.0,
22,25.0,
23,40.0,
24,25.0,
