Expected_Cost_our,Expected_Discomfort_our,
2.4059545602,5.48913400317,
Actual_Cost_our,Actual_Discomfort_our,
2.40713309085,5.48984823065,
Expected_Cost_Du,Expected_Discomfort_Du,
3.74822905198,0.614230254311,
Actual_Cost_Du,Actual_Discomfort_Du,
3.74822905198,0.614230254311,
Actual_Cost_Apt,Actual_Discomfort_Apt,
4.43069347808,4e-07,
Run Time,0.263999938965,
optimality gap,0.01,
index,T_set_our,
1,25.0,
2,25.0,
3,25.0,
4,25.0,
5,48.0,
6,57.0,
7,25.0,
8,25.0,
9,25.0,
10,25.0,
11,25.0,
12,25.0,
13,25.0,
14,25.0,
15,43.0,
16,25.0,
17,25.0,
18,25.0,
19,25.0,
20,25.0,
21,25.0,
22,25.0,
23,25.0,
24,25.0,
