Expected_Cost_our,Expected_Discomfort_our,
0.976483334882,0.312568226628,
Actual_Cost_our,Actual_Discomfort_our,
0.977356451569,0.313677049824,
Expected_Cost_Du,Expected_Discomfort_Du,
1.12575215446,0.0,
Actual_Cost_Du,Actual_Discomfort_Du,
1.12575215446,0.0,
Actual_Cost_Apt,Actual_Discomfort_Apt,
1.22208706908,0.0,
Run Time,0.154000043869,
optimality gap,0.01,
index,T_set_our,
1,25.0,
2,25.0,
3,25.0,
4,25.0,
5,41.0,
6,25.0,
7,25.0,
8,25.0,
9,25.0,
10,25.0,
11,25.0,
12,25.0,
13,25.0,
14,75.0,
15,25.0,
16,25.0,
17,75.0,
18,51.0,
19,25.0,
20,63.0,
21,25.0,
22,25.0,
23,25.0,
24,25.0,
