Expected_Cost_our,Expected_Discomfort_our,
1.26448118923,0.16123413776,
Actual_Cost_our,Actual_Discomfort_our,
1.26499937489,0.161234453883,
Expected_Cost_Du,Expected_Discomfort_Du,
1.2747203927,0.277516662195,
Actual_Cost_Du,Actual_Discomfort_Du,
1.2747203927,0.277516662195,
Actual_Cost_Apt,Actual_Discomfort_Apt,
1.41223740618,2e-07,
Run Time,0.151999950409,
optimality gap,0.01,
index,T_set_our,
1,25.0,
2,25.0,
3,25.0,
4,25.0,
5,25.0,
6,25.0,
7,25.0,
8,25.0,
9,39.0,
10,75.0,
11,45.0,
12,70.0,
13,50.0,
14,75.0,
15,25.0,
16,75.0,
17,25.0,
18,25.0,
19,25.0,
20,25.0,
21,25.0,
22,25.0,
23,25.0,
24,25.0,
