Expected_Cost_our,Expected_Discomfort_our,
1.77721918003,6.97131440638,
Actual_Cost_our,Actual_Discomfort_our,
1.77762038132,6.97258351825,
Expected_Cost_Du,Expected_Discomfort_Du,
2.56319851737,6.87219570365,
Actual_Cost_Du,Actual_Discomfort_Du,
2.56319851737,6.87219570365,
Actual_Cost_Apt,Actual_Discomfort_Apt,
2.40681285718,4.1845749147,
Run Time,0.178999900818,
optimality gap,0.01,
index,T_set_our,
1,26.0,
2,34.0,
3,25.0,
4,49.0,
5,75.0,
6,75.0,
7,75.0,
8,25.0,
9,25.0,
10,42.0,
11,46.0,
12,57.0,
13,30.0,
14,51.0,
15,75.0,
16,25.0,
17,25.0,
18,75.0,
19,25.0,
20,32.0,
21,40.0,
22,40.0,
23,31.0,
24,26.0,
