Expected_Cost_our,Expected_Discomfort_our,
0.788208889129,3.44291382298,
Actual_Cost_our,Actual_Discomfort_our,
0.745709825962,3.83255489789,
Expected_Cost_Du,Expected_Discomfort_Du,
1.69291866833,0.0,
Actual_Cost_Du,Actual_Discomfort_Du,
1.69291866833,0.0,
Actual_Cost_Apt,Actual_Discomfort_Apt,
1.59292797471,1e-07,
Run Time,0.213999986649,
optimality gap,0.01,
index,T_set_our,
1,25.0,
2,25.0,
3,26.0,
4,75.0,
5,75.0,
6,74.0,
7,75.0,
8,75.0,
9,25.0,
10,25.0,
11,28.0,
12,53.0,
13,42.0,
14,25.0,
15,54.0,
16,25.0,
17,25.0,
18,25.0,
19,25.0,
20,25.0,
21,25.0,
22,25.0,
23,25.0,
24,25.0,
