Expected_Cost_our,Expected_Discomfort_our,
2.25467678741,5.89889826731,
Actual_Cost_our,Actual_Discomfort_our,
2.34622316904,5.65788887111,
Expected_Cost_Du,Expected_Discomfort_Du,
3.42191793521,0.488477852596,
Actual_Cost_Du,Actual_Discomfort_Du,
3.42191793521,0.488477852596,
Actual_Cost_Apt,Actual_Discomfort_Apt,
4.12200171805,3e-07,
Run Time,0.18499994278,
optimality gap,0.01,
index,T_set_our,
1,25.0,
2,25.0,
3,42.0,
4,66.0,
5,25.0,
6,25.0,
7,25.0,
8,25.0,
9,28.0,
10,26.0,
11,26.0,
12,26.0,
13,26.0,
14,25.0,
15,25.0,
16,26.0,
17,25.0,
18,33.0,
19,25.0,
20,25.0,
21,25.0,
22,25.0,
23,25.0,
24,25.0,
