Expected_Cost_our,Expected_Discomfort_our,
1.00929029567,0.649285456539,
Actual_Cost_our,Actual_Discomfort_our,
1.01488471105,0.327287531599,
Expected_Cost_Du,Expected_Discomfort_Du,
1.67077004465,0.0,
Actual_Cost_Du,Actual_Discomfort_Du,
1.67077004465,0.0,
Actual_Cost_Apt,Actual_Discomfort_Apt,
1.62411809441,1e-07,
Run Time,0.193000078201,
optimality gap,0.01,
index,T_set_our,
1,25.0,
2,25.0,
3,25.0,
4,51.0,
5,75.0,
6,25.0,
7,75.0,
8,25.0,
9,25.0,
10,25.0,
11,25.0,
12,25.0,
13,25.0,
14,25.0,
15,25.0,
16,75.0,
17,75.0,
18,57.0,
19,25.0,
20,25.0,
21,25.0,
22,25.0,
23,25.0,
24,25.0,
