Expected_Cost_our,Expected_Discomfort_our,
1.52491695466,7.60149375394,
Actual_Cost_our,Actual_Discomfort_our,
1.51827209564,7.66063184739,
Expected_Cost_Du,Expected_Discomfort_Du,
2.24788145636,12.6248653178,
Actual_Cost_Du,Actual_Discomfort_Du,
2.24788145636,12.6248653178,
Actual_Cost_Apt,Actual_Discomfort_Apt,
2.33593536705,5.27789599806,
Run Time,0.1859998703,
optimality gap,0.01,
index,T_set_our,
1,25.0,
2,25.0,
3,26.0,
4,51.0,
5,75.0,
6,25.0,
7,52.0,
8,27.0,
9,27.0,
10,51.0,
11,75.0,
12,25.0,
13,75.0,
14,75.0,
15,50.0,
16,75.0,
17,25.0,
18,25.0,
19,25.0,
20,25.0,
21,25.0,
22,51.0,
23,28.0,
24,25.0,
