Expected_Cost_our,Expected_Discomfort_our,
0.306582038909,0.353871925367,
Actual_Cost_our,Actual_Discomfort_our,
0.306711648225,0.356200618921,
Expected_Cost_Du,Expected_Discomfort_Du,
0.762528232803,0.0,
Actual_Cost_Du,Actual_Discomfort_Du,
0.762528232803,0.0,
Actual_Cost_Apt,Actual_Discomfort_Apt,
0.702252182727,1e-07,
Run Time,0.207999944687,
optimality gap,0.01,
index,T_set_our,
1,25.0,
2,25.0,
3,25.0,
4,55.0,
5,75.0,
6,25.0,
7,75.0,
8,25.0,
9,25.0,
10,75.0,
11,25.0,
12,52.0,
13,52.0,
14,25.0,
15,25.0,
16,25.0,
17,38.0,
18,25.0,
19,25.0,
20,25.0,
21,25.0,
22,25.0,
23,25.0,
24,25.0,
