Expected_Cost_our,Expected_Discomfort_our,
1.21415573517,0.738016294958,
Actual_Cost_our,Actual_Discomfort_our,
1.21519031487,0.733799574171,
Expected_Cost_Du,Expected_Discomfort_Du,
1.9541757262,0.0,
Actual_Cost_Du,Actual_Discomfort_Du,
1.9541757262,0.0,
Actual_Cost_Apt,Actual_Discomfort_Apt,
1.85535430557,2e-07,
Run Time,0.190999984741,
optimality gap,0.01,
index,T_set_our,
1,25.0,
2,25.0,
3,75.0,
4,75.0,
5,75.0,
6,75.0,
7,75.0,
8,57.0,
9,25.0,
10,75.0,
11,75.0,
12,25.0,
13,25.0,
14,64.0,
15,42.0,
16,39.0,
17,25.0,
18,25.0,
19,25.0,
20,25.0,
21,33.0,
22,25.0,
23,25.0,
24,25.0,
