Expected_Cost_our,Expected_Discomfort_our,
0.62031738745,0.943829865563,
Actual_Cost_our,Actual_Discomfort_our,
0.62093148489,0.945304114304,
Expected_Cost_Du,Expected_Discomfort_Du,
1.46449621869,0.0,
Actual_Cost_Du,Actual_Discomfort_Du,
1.46449621869,0.0,
Actual_Cost_Apt,Actual_Discomfort_Apt,
1.29634841285,1e-07,
Run Time,0.208999872208,
optimality gap,0.01,
index,T_set_our,
1,25.0,
2,25.0,
3,27.0,
4,52.0,
5,50.0,
6,75.0,
7,75.0,
8,25.0,
9,25.0,
10,75.0,
11,73.0,
12,25.0,
13,25.0,
14,25.0,
15,33.0,
16,25.0,
17,32.0,
18,31.0,
19,25.0,
20,25.0,
21,30.0,
22,25.0,
23,25.0,
24,25.0,
