Expected_Cost_our,Expected_Discomfort_our,
0.611042797164,1.54838288357,
Actual_Cost_our,Actual_Discomfort_our,
0.605437884385,1.56230555328,
Expected_Cost_Du,Expected_Discomfort_Du,
1.49131108363,0.0,
Actual_Cost_Du,Actual_Discomfort_Du,
1.49131108363,0.0,
Actual_Cost_Apt,Actual_Discomfort_Apt,
1.316138135,1e-07,
Run Time,0.184000015259,
optimality gap,0.01,
index,T_set_our,
1,25.0,
2,25.0,
3,49.0,
4,73.0,
5,75.0,
6,25.0,
7,75.0,
8,75.0,
9,25.0,
10,48.0,
11,25.0,
12,25.0,
13,25.0,
14,44.0,
15,44.0,
16,25.0,
17,25.0,
18,25.0,
19,25.0,
20,25.0,
21,25.0,
22,25.0,
23,25.0,
24,25.0,
