Expected_Cost_our,Expected_Discomfort_our,
0.845435715805,0.691620984894,
Actual_Cost_our,Actual_Discomfort_our,
0.845954826745,0.692278984304,
Expected_Cost_Du,Expected_Discomfort_Du,
1.69707245585,0.0,
Actual_Cost_Du,Actual_Discomfort_Du,
1.69707245585,0.0,
Actual_Cost_Apt,Actual_Discomfort_Apt,
1.28865717956,0.0,
Run Time,0.194000005722,
optimality gap,0.01,
index,T_set_our,
1,25.0,
2,25.0,
3,25.0,
4,50.0,
5,25.0,
6,74.0,
7,75.0,
8,75.0,
9,25.0,
10,59.0,
11,43.0,
12,43.0,
13,25.0,
14,25.0,
15,25.0,
16,25.0,
17,25.0,
18,33.0,
19,25.0,
20,25.0,
21,25.0,
22,25.0,
23,25.0,
24,25.0,
