Expected_Cost_our,Expected_Discomfort_our,
0.349804041728,1.04335238112,
Actual_Cost_our,Actual_Discomfort_our,
0.327605205821,1.11478949142,
Expected_Cost_Du,Expected_Discomfort_Du,
0.841890137266,0.0,
Actual_Cost_Du,Actual_Discomfort_Du,
0.841890137266,0.0,
Actual_Cost_Apt,Actual_Discomfort_Apt,
1.03248810741,1e-07,
Run Time,0.206000089645,
optimality gap,0.01,
index,T_set_our,
1,25.0,
2,25.0,
3,26.0,
4,75.0,
5,75.0,
6,25.0,
7,25.0,
8,25.0,
9,25.0,
10,75.0,
11,55.0,
12,55.0,
13,25.0,
14,25.0,
15,25.0,
16,25.0,
17,25.0,
18,25.0,
19,25.0,
20,25.0,
21,25.0,
22,25.0,
23,25.0,
24,25.0,
