Expected_Cost_our,Expected_Discomfort_our,
0.333229221259,1.0301853576,
Actual_Cost_our,Actual_Discomfort_our,
0.333346231541,1.03192219277,
Expected_Cost_Du,Expected_Discomfort_Du,
1.12041018088,0.0,
Actual_Cost_Du,Actual_Discomfort_Du,
1.12041018088,0.0,
Actual_Cost_Apt,Actual_Discomfort_Apt,
0.973478710022,1e-07,
Run Time,0.241999864578,
optimality gap,0.01,
index,T_set_our,
1,25.0,
2,25.0,
3,25.0,
4,50.0,
5,75.0,
6,75.0,
7,66.0,
8,68.0,
9,65.0,
10,62.0,
11,61.0,
12,62.0,
13,48.0,
14,59.0,
15,44.0,
16,45.0,
17,25.0,
18,25.0,
19,25.0,
20,25.0,
21,25.0,
22,25.0,
23,25.0,
24,25.0,
