Expected_Cost_our,Expected_Discomfort_our,
0.278094123329,0.151402291489,
Actual_Cost_our,Actual_Discomfort_our,
0.278314337506,0.153760198052,
Expected_Cost_Du,Expected_Discomfort_Du,
0.387242767256,0.0,
Actual_Cost_Du,Actual_Discomfort_Du,
0.387242767256,0.0,
Actual_Cost_Apt,Actual_Discomfort_Apt,
0.430517041247,1e-07,
Run Time,0.194999933243,
optimality gap,0.01,
index,T_set_our,
1,38.0,
2,25.0,
3,25.0,
4,25.0,
5,66.0,
6,69.0,
7,75.0,
8,75.0,
9,74.0,
10,74.0,
11,74.0,
12,75.0,
13,25.0,
14,25.0,
15,25.0,
16,63.0,
17,25.0,
18,25.0,
19,25.0,
20,25.0,
21,25.0,
22,25.0,
23,25.0,
24,38.0,
