Expected_Cost_our,Expected_Discomfort_our,
1.42311181912,4.20776005185,
Actual_Cost_our,Actual_Discomfort_our,
1.42345523247,4.20961975582,
Expected_Cost_Du,Expected_Discomfort_Du,
1.77750237505,11.7628510771,
Actual_Cost_Du,Actual_Discomfort_Du,
1.77750237505,11.7628510771,
Actual_Cost_Apt,Actual_Discomfort_Apt,
1.36400944189,4.20948284881,
Run Time,0.177000045776,
optimality gap,0.01,
index,T_set_our,
1,25.0,
2,25.0,
3,25.0,
4,25.0,
5,63.0,
6,25.0,
7,75.0,
8,25.0,
9,25.0,
10,25.0,
11,27.0,
12,45.0,
13,63.0,
14,75.0,
15,75.0,
16,25.0,
17,25.0,
18,25.0,
19,25.0,
20,25.0,
21,25.0,
22,25.0,
23,25.0,
24,25.0,
