Expected_Cost_our,Expected_Discomfort_our,
0.583353254058,1.72139280507,
Actual_Cost_our,Actual_Discomfort_our,
0.583650358646,1.72285001397,
Expected_Cost_Du,Expected_Discomfort_Du,
1.23348885124,0.0,
Actual_Cost_Du,Actual_Discomfort_Du,
1.23348885124,0.0,
Actual_Cost_Apt,Actual_Discomfort_Apt,
1.23124451714,1e-07,
Run Time,0.211999893188,
optimality gap,0.01,
index,T_set_our,
1,25.0,
2,25.0,
3,27.0,
4,75.0,
5,75.0,
6,75.0,
7,75.0,
8,25.0,
9,25.0,
10,25.0,
11,65.0,
12,75.0,
13,25.0,
14,75.0,
15,25.0,
16,25.0,
17,25.0,
18,25.0,
19,25.0,
20,25.0,
21,25.0,
22,25.0,
23,25.0,
24,25.0,
