Expected_Cost_our,Expected_Discomfort_our,
0.556397290637,5.30391628354,
Actual_Cost_our,Actual_Discomfort_our,
0.947987384556,1.19834217135,
Expected_Cost_Du,Expected_Discomfort_Du,
1.54197543315,3.9642731118,
Actual_Cost_Du,Actual_Discomfort_Du,
1.54197543315,3.9642731118,
Actual_Cost_Apt,Actual_Discomfort_Apt,
1.40631553751,1.59719613835,
Run Time,0.226999998093,
optimality gap,0.01,
index,T_set_our,
1,25.0,
2,25.0,
3,25.0,
4,50.0,
5,75.0,
6,25.0,
7,75.0,
8,25.0,
9,25.0,
10,25.0,
11,31.0,
12,25.0,
13,25.0,
14,50.0,
15,25.0,
16,25.0,
17,25.0,
18,25.0,
19,25.0,
20,25.0,
21,25.0,
22,25.0,
23,25.0,
24,25.0,
