Expected_Cost_our,Expected_Discomfort_our,
0.700451121719,0.450476189846,
Actual_Cost_our,Actual_Discomfort_our,
0.700597945517,0.452166251621,
Expected_Cost_Du,Expected_Discomfort_Du,
1.19557169402,0.0,
Actual_Cost_Du,Actual_Discomfort_Du,
1.19557169402,0.0,
Actual_Cost_Apt,Actual_Discomfort_Apt,
1.09618014547,2e-07,
Run Time,0.18499994278,
optimality gap,0.01,
index,T_set_our,
1,25.0,
2,25.0,
3,43.0,
4,67.0,
5,75.0,
6,75.0,
7,25.0,
8,25.0,
9,25.0,
10,53.0,
11,61.0,
12,55.0,
13,75.0,
14,25.0,
15,25.0,
16,25.0,
17,25.0,
18,25.0,
19,25.0,
20,25.0,
21,25.0,
22,25.0,
23,25.0,
24,25.0,
