Expected_Cost_our,Expected_Discomfort_our,
0.942768158104,0.56028091021,
Actual_Cost_our,Actual_Discomfort_our,
0.943883797624,0.560668834725,
Expected_Cost_Du,Expected_Discomfort_Du,
1.37646375297,0.0,
Actual_Cost_Du,Actual_Discomfort_Du,
1.37646375297,0.0,
Actual_Cost_Apt,Actual_Discomfort_Apt,
1.4588367087,1e-07,
Run Time,0.166999816895,
optimality gap,0.01,
index,T_set_our,
1,25.0,
2,25.0,
3,75.0,
4,75.0,
5,43.0,
6,25.0,
7,25.0,
8,25.0,
9,25.0,
10,25.0,
11,25.0,
12,25.0,
13,68.0,
14,25.0,
15,25.0,
16,25.0,
17,25.0,
18,25.0,
19,25.0,
20,43.0,
21,25.0,
22,25.0,
23,25.0,
24,25.0,
