Expected_Cost_our,Expected_Discomfort_our,
2.05566603147,6.74344717896,
Actual_Cost_our,Actual_Discomfort_our,
2.32296046026,4.85130429855,
Expected_Cost_Du,Expected_Discomfort_Du,
3.69863093482,0.0,
Actual_Cost_Du,Actual_Discomfort_Du,
3.69863093482,0.0,
Actual_Cost_Apt,Actual_Discomfort_Apt,
3.93189611454,2e-07,
Run Time,0.18499994278,
optimality gap,0.01,
index,T_set_our,
1,25.0,
2,25.0,
3,25.0,
4,25.0,
5,25.0,
6,29.0,
7,29.0,
8,28.0,
9,25.0,
10,25.0,
11,25.0,
12,25.0,
13,25.0,
14,25.0,
15,37.0,
16,25.0,
17,25.0,
18,25.0,
19,25.0,
20,25.0,
21,25.0,
22,25.0,
23,25.0,
24,25.0,
