Expected_Cost_our,Expected_Discomfort_our,
0.394818302178,1.37589942537,
Actual_Cost_our,Actual_Discomfort_our,
0.395710291306,1.37690883618,
Expected_Cost_Du,Expected_Discomfort_Du,
1.23879562727,0.0,
Actual_Cost_Du,Actual_Discomfort_Du,
1.23879562727,0.0,
Actual_Cost_Apt,Actual_Discomfort_Apt,
1.0926950415,1e-07,
Run Time,0.22000002861,
optimality gap,0.01,
index,T_set_our,
1,25.0,
2,25.0,
3,35.0,
4,59.0,
5,75.0,
6,75.0,
7,75.0,
8,75.0,
9,67.0,
10,66.0,
11,66.0,
12,70.0,
13,52.0,
14,49.0,
15,49.0,
16,49.0,
17,46.0,
18,44.0,
19,44.0,
20,34.0,
21,34.0,
22,29.0,
23,26.0,
24,25.0,
