Expected_Cost_our,Expected_Discomfort_our,
0.65058836441,0.90630043839,
Actual_Cost_our,Actual_Discomfort_our,
0.651465459453,0.907707038538,
Expected_Cost_Du,Expected_Discomfort_Du,
1.32907309656,0.0,
Actual_Cost_Du,Actual_Discomfort_Du,
1.32907309656,0.0,
Actual_Cost_Apt,Actual_Discomfort_Apt,
1.33834580047,1e-07,
Run Time,0.18499994278,
optimality gap,0.01,
index,T_set_our,
1,26.0,
2,26.0,
3,26.0,
4,26.0,
5,26.0,
6,26.0,
7,26.0,
8,48.0,
9,25.0,
10,25.0,
11,25.0,
12,25.0,
13,25.0,
14,44.0,
15,25.0,
16,25.0,
17,25.0,
18,25.0,
19,25.0,
20,25.0,
21,25.0,
22,25.0,
23,26.0,
24,26.0,
