Expected_Cost_our,Expected_Discomfort_our,
1.00454942267,2.75709294666,
Actual_Cost_our,Actual_Discomfort_our,
1.0068194308,2.71564626356,
Expected_Cost_Du,Expected_Discomfort_Du,
1.92632482029,0.0,
Actual_Cost_Du,Actual_Discomfort_Du,
1.92632482029,0.0,
Actual_Cost_Apt,Actual_Discomfort_Apt,
1.93831067003,1e-07,
Run Time,0.171000003815,
optimality gap,0.01,
index,T_set_our,
1,25.0,
2,25.0,
3,25.0,
4,25.0,
5,68.0,
6,25.0,
7,29.0,
8,25.0,
9,25.0,
10,25.0,
11,25.0,
12,25.0,
13,47.0,
14,25.0,
15,25.0,
16,25.0,
17,25.0,
18,25.0,
19,25.0,
20,25.0,
21,25.0,
22,26.0,
23,25.0,
24,25.0,
