Expected_Cost_our,Expected_Discomfort_our,
0.604427690494,1.00118634402,
Actual_Cost_our,Actual_Discomfort_our,
0.61210010221,0.955133151263,
Expected_Cost_Du,Expected_Discomfort_Du,
1.53115468859,0.0,
Actual_Cost_Du,Actual_Discomfort_Du,
1.53115468859,0.0,
Actual_Cost_Apt,Actual_Discomfort_Apt,
1.9514720578,1e-07,
Run Time,0.295000076294,
optimality gap,0.01,
index,T_set_our,
1,25.0,
2,25.0,
3,40.0,
4,64.0,
5,64.0,
6,75.0,
7,25.0,
8,25.0,
9,25.0,
10,25.0,
11,25.0,
12,33.0,
13,25.0,
14,46.0,
15,25.0,
16,25.0,
17,40.0,
18,25.0,
19,25.0,
20,25.0,
21,25.0,
22,29.0,
23,25.0,
24,25.0,
