Expected_Cost_our,Expected_Discomfort_our,
0.973188660252,1.12573705724,
Actual_Cost_our,Actual_Discomfort_our,
0.960790183535,1.16702011703,
Expected_Cost_Du,Expected_Discomfort_Du,
2.01566965766,0.0,
Actual_Cost_Du,Actual_Discomfort_Du,
2.01566965766,0.0,
Actual_Cost_Apt,Actual_Discomfort_Apt,
1.93586155978,0.0,
Run Time,0.184000015259,
optimality gap,0.01,
index,T_set_our,
1,25.0,
2,25.0,
3,25.0,
4,75.0,
5,75.0,
6,75.0,
7,57.0,
8,25.0,
9,25.0,
10,25.0,
11,25.0,
12,25.0,
13,51.0,
14,75.0,
15,75.0,
16,25.0,
17,25.0,
18,25.0,
19,44.0,
20,25.0,
21,25.0,
22,29.0,
23,25.0,
24,25.0,
