Expected_Cost_our,Expected_Discomfort_our,
0.451252830993,1.53310921377,
Actual_Cost_our,Actual_Discomfort_our,
0.443347576148,1.60373077496,
Expected_Cost_Du,Expected_Discomfort_Du,
1.24771965308,0.0,
Actual_Cost_Du,Actual_Discomfort_Du,
1.24771965308,0.0,
Actual_Cost_Apt,Actual_Discomfort_Apt,
1.25967053685,1e-07,
Run Time,0.197000026703,
optimality gap,0.01,
index,T_set_our,
1,25.0,
2,25.0,
3,25.0,
4,25.0,
5,35.0,
6,35.0,
7,25.0,
8,25.0,
9,25.0,
10,31.0,
11,25.0,
12,25.0,
13,25.0,
14,25.0,
15,34.0,
16,25.0,
17,25.0,
18,25.0,
19,25.0,
20,25.0,
21,25.0,
22,25.0,
23,25.0,
24,25.0,
