Expected_Cost_our,Expected_Discomfort_our,
0.44753447074,2.6807994375,
Actual_Cost_our,Actual_Discomfort_our,
0.454371312891,2.62459602584,
Expected_Cost_Du,Expected_Discomfort_Du,
1.91787425316,1.19788109121,
Actual_Cost_Du,Actual_Discomfort_Du,
1.91787425316,1.19788109121,
Actual_Cost_Apt,Actual_Discomfort_Apt,
1.34747326921,0.653771476488,
Run Time,0.212000131607,
optimality gap,0.01,
index,T_set_our,
1,25.0,
2,25.0,
3,27.0,
4,75.0,
5,75.0,
6,75.0,
7,75.0,
8,75.0,
9,72.0,
10,46.0,
11,25.0,
12,25.0,
13,25.0,
14,26.0,
15,25.0,
16,25.0,
17,25.0,
18,25.0,
19,25.0,
20,25.0,
21,25.0,
22,25.0,
23,25.0,
24,25.0,
