Expected_Cost_our,Expected_Discomfort_our,
0.909293364274,1.80680267745,
Actual_Cost_our,Actual_Discomfort_our,
0.91319365633,1.77578661707,
Expected_Cost_Du,Expected_Discomfort_Du,
2.02349176054,0.0,
Actual_Cost_Du,Actual_Discomfort_Du,
2.02349176054,0.0,
Actual_Cost_Apt,Actual_Discomfort_Apt,
1.40001729307,1e-07,
Run Time,0.192999839783,
optimality gap,0.01,
index,T_set_our,
1,25.0,
2,25.0,
3,25.0,
4,25.0,
5,25.0,
6,25.0,
7,25.0,
8,25.0,
9,27.0,
10,25.0,
11,25.0,
12,25.0,
13,50.0,
14,33.0,
15,63.0,
16,25.0,
17,25.0,
18,25.0,
19,25.0,
20,25.0,
21,25.0,
22,25.0,
23,25.0,
24,25.0,
