Expected_Cost_our,Expected_Discomfort_our,
1.53088773502,5.90204597257,
Actual_Cost_our,Actual_Discomfort_our,
1.39629767942,7.18303922175,
Expected_Cost_Du,Expected_Discomfort_Du,
2.89907281643,0.0,
Actual_Cost_Du,Actual_Discomfort_Du,
2.89907281643,0.0,
Actual_Cost_Apt,Actual_Discomfort_Apt,
2.70405160732,2e-07,
Run Time,0.271999835968,
optimality gap,0.01,
index,T_set_our,
1,25.0,
2,25.0,
3,26.0,
4,75.0,
5,75.0,
6,75.0,
7,75.0,
8,25.0,
9,25.0,
10,25.0,
11,25.0,
12,25.0,
13,45.0,
14,25.0,
15,25.0,
16,25.0,
17,25.0,
18,25.0,
19,32.0,
20,25.0,
21,25.0,
22,25.0,
23,25.0,
24,25.0,
