Expected_Cost_our,Expected_Discomfort_our,
1.06278213317,1.7034879276,
Actual_Cost_our,Actual_Discomfort_our,
1.06905721085,1.63784576019,
Expected_Cost_Du,Expected_Discomfort_Du,
1.77549569488,0.0,
Actual_Cost_Du,Actual_Discomfort_Du,
1.77549569488,0.0,
Actual_Cost_Apt,Actual_Discomfort_Apt,
2.12827920713,1e-07,
Run Time,0.177000045776,
optimality gap,0.01,
index,T_set_our,
1,25.0,
2,26.0,
3,25.0,
4,25.0,
5,25.0,
6,27.0,
7,26.0,
8,25.0,
9,47.0,
10,42.0,
11,25.0,
12,57.0,
13,25.0,
14,25.0,
15,25.0,
16,25.0,
17,25.0,
18,25.0,
19,25.0,
20,25.0,
21,25.0,
22,28.0,
23,25.0,
24,27.0,
