Expected_Cost_our,Expected_Discomfort_our,
1.55828355249,5.61857292161,
Actual_Cost_our,Actual_Discomfort_our,
1.61343470188,5.13493542687,
Expected_Cost_Du,Expected_Discomfort_Du,
2.8172224294,0.0,
Actual_Cost_Du,Actual_Discomfort_Du,
2.8172224294,0.0,
Actual_Cost_Apt,Actual_Discomfort_Apt,
2.9728396643,1e-07,
Run Time,0.164000034332,
optimality gap,0.01,
index,T_set_our,
1,25.0,
2,25.0,
3,25.0,
4,25.0,
5,25.0,
6,44.000000001,
7,25.0,
8,25.0,
9,25.0,
10,25.0,
11,25.0,
12,25.0,
13,26.0,
14,46.000000001,
15,46.0000000086,
16,25.0,
17,25.0,
18,25.0,
19,25.0,
20,25.0,
21,25.0,
22,25.0,
23,25.0,
24,25.0,
