Expected_Cost_our,Expected_Discomfort_our,
1.57264000859,4.14172623288,
Actual_Cost_our,Actual_Discomfort_our,
1.52544304465,4.57779011666,
Expected_Cost_Du,Expected_Discomfort_Du,
2.6076680106,0.0,
Actual_Cost_Du,Actual_Discomfort_Du,
2.6076680106,0.0,
Actual_Cost_Apt,Actual_Discomfort_Apt,
2.28683324117,1.2691902431,
Run Time,0.171999931335,
optimality gap,0.01,
index,T_set_our,
1,26.0,
2,25.0,
3,75.0,
4,25.0,
5,48.0,
6,25.0,
7,75.0,
8,25.0,
9,25.0,
10,25.0,
11,25.0,
12,69.0,
13,25.0,
14,25.0,
15,25.0,
16,25.0,
17,25.0,
18,25.0,
19,25.0,
20,25.0,
21,26.0,
22,26.0,
23,25.0,
24,26.0,
