Expected_Cost_our,Expected_Discomfort_our,
1.69258863598,2.99049732659,
Actual_Cost_our,Actual_Discomfort_our,
1.68490092334,3.06304572058,
Expected_Cost_Du,Expected_Discomfort_Du,
2.79736808583,0.0,
Actual_Cost_Du,Actual_Discomfort_Du,
2.79736808583,0.0,
Actual_Cost_Apt,Actual_Discomfort_Apt,
2.64415188438,0.226366564953,
Run Time,0.393000125885,
optimality gap,0.01,
index,T_set_our,
1,25.0,
2,25.0,
3,27.0,
4,52.0,
5,75.0,
6,75.0,
7,57.0,
8,55.0,
9,31.0,
10,25.0,
11,25.0,
12,25.0,
13,25.0,
14,72.0,
15,47.0,
16,25.0,
17,25.0,
18,25.0,
19,25.0,
20,25.0,
21,25.0,
22,25.0,
23,25.0,
24,25.0,
