Expected_Cost_our,Expected_Discomfort_our,
1.67611871406,3.26515032413,
Actual_Cost_our,Actual_Discomfort_our,
1.67479865561,3.28167726429,
Expected_Cost_Du,Expected_Discomfort_Du,
2.55052334317,1.87562053065,
Actual_Cost_Du,Actual_Discomfort_Du,
2.55052334317,1.87562053065,
Actual_Cost_Apt,Actual_Discomfort_Apt,
2.61820213553,0.697217373979,
Run Time,0.182999849319,
optimality gap,0.01,
index,T_set_our,
1,27.0,
2,52.0,
3,75.0,
4,25.0,
5,75.0,
6,25.0,
7,25.0,
8,25.0,
9,25.0,
10,25.0,
11,25.0,
12,29.0,
13,25.0,
14,34.0,
15,25.0,
16,25.0,
17,25.0,
18,25.0,
19,25.0,
20,25.0,
21,28.0,
22,26.0,
23,26.0,
24,26.0,
