Expected_Cost_our,Expected_Discomfort_our,
1.83141495598,2.84351405107,
Actual_Cost_our,Actual_Discomfort_our,
1.83219847038,2.84463275451,
Expected_Cost_Du,Expected_Discomfort_Du,
2.81408341381,0.0,
Actual_Cost_Du,Actual_Discomfort_Du,
2.81408341381,0.0,
Actual_Cost_Apt,Actual_Discomfort_Apt,
2.67457117453,0.0,
Run Time,0.18799996376,
optimality gap,0.01,
index,T_set_our,
1,25.0,
2,25.0,
3,27.0,
4,52.0,
5,25.0,
6,75.0,
7,25.0,
8,25.0,
9,37.0,
10,25.0,
11,48.0,
12,56.0,
13,48.0,
14,25.0,
15,25.0,
16,25.0,
17,25.0,
18,25.0,
19,25.0,
20,25.0,
21,25.0,
22,25.0,
23,25.0,
24,25.0,
