Expected_Cost_our,Expected_Discomfort_our,
0.477381969149,0.0,
Actual_Cost_our,Actual_Discomfort_our,
0.477581092136,1e-07,
Expected_Cost_Du,Expected_Discomfort_Du,
0.531988052907,0.279904687443,
Actual_Cost_Du,Actual_Discomfort_Du,
0.531988052907,0.279904687443,
Actual_Cost_Apt,Actual_Discomfort_Apt,
0.481021830036,2e-07,
Run Time,0.176999807358,
optimality gap,0.01,
index,T_set_our,
1,25.0,
2,25.0,
3,25.0,
4,50.0,
5,25.0,
6,25.0,
7,25.0,
8,58.0,
9,25.0,
10,42.0,
11,40.0,
12,25.0,
13,75.0,
14,75.0,
15,25.0,
16,25.0,
17,25.0,
18,25.0,
19,25.0,
20,25.0,
21,25.0,
22,25.0,
23,25.0,
24,25.0,
