Expected_Cost_our,Expected_Discomfort_our,
0.24797812186,0.357659905581,
Actual_Cost_our,Actual_Discomfort_our,
0.248036900861,0.35987214677,
Expected_Cost_Du,Expected_Discomfort_Du,
0.890741790876,0.0,
Actual_Cost_Du,Actual_Discomfort_Du,
0.890741790876,0.0,
Actual_Cost_Apt,Actual_Discomfort_Apt,
0.895832622397,0.0,
Run Time,0.196000099182,
optimality gap,0.01,
index,T_set_our,
1,25.0,
2,25.0,
3,25.0,
4,55.0,
5,75.0,
6,25.0,
7,25.0,
8,25.0,
9,25.0,
10,49.0,
11,25.0,
12,25.0,
13,25.0,
14,25.0,
15,25.0,
16,25.0,
17,25.0,
18,25.0,
19,25.0,
20,25.0,
21,25.0,
22,25.0,
23,25.0,
24,25.0,
