Expected_Cost_our,Expected_Discomfort_our,
1.62205682176,4.87124356878,
Actual_Cost_our,Actual_Discomfort_our,
1.64171730698,4.70852769383,
Expected_Cost_Du,Expected_Discomfort_Du,
3.14946756468,0.0,
Actual_Cost_Du,Actual_Discomfort_Du,
3.14946756468,0.0,
Actual_Cost_Apt,Actual_Discomfort_Apt,
2.69252476245,0.699396738136,
Run Time,0.212000131607,
optimality gap,0.01,
index,T_set_our,
1,25.0,
2,25.0,
3,26.0,
4,75.0,
5,75.0,
6,75.0,
7,75.0,
8,25.0,
9,25.0,
10,25.0,
11,45.0,
12,35.0,
13,35.0,
14,25.0,
15,48.0,
16,48.0,
17,25.0,
18,31.0,
19,25.0,
20,25.0,
21,25.0,
22,25.0,
23,25.0,
24,25.0,
