Expected_Cost_our,Expected_Discomfort_our,
0.758295033104,1.16338981314,
Actual_Cost_our,Actual_Discomfort_our,
0.775235708778,1.03300912333,
Expected_Cost_Du,Expected_Discomfort_Du,
1.58100760597,0.0,
Actual_Cost_Du,Actual_Discomfort_Du,
1.58100760597,0.0,
Actual_Cost_Apt,Actual_Discomfort_Apt,
1.41847675328,0.0,
Run Time,0.214999914169,
optimality gap,0.01,
index,T_set_our,
1,25.0,
2,25.0,
3,25.0,
4,51.0,
5,75.0,
6,25.0,
7,25.0,
8,25.0,
9,25.0,
10,25.0,
11,74.0,
12,25.0,
13,25.0,
14,25.0,
15,25.0,
16,25.0,
17,25.0,
18,25.0,
19,25.0,
20,25.0,
21,25.0,
22,26.0,
23,25.0,
24,25.0,
