Expected_Cost_our,Expected_Discomfort_our,
1.32284391275,2.89813294103,
Actual_Cost_our,Actual_Discomfort_our,
1.32739626202,2.87132670597,
Expected_Cost_Du,Expected_Discomfort_Du,
2.09666489114,0.0,
Actual_Cost_Du,Actual_Discomfort_Du,
2.09666489114,0.0,
Actual_Cost_Apt,Actual_Discomfort_Apt,
2.76346682494,1e-07,
Run Time,0.15900015831,
optimality gap,0.01,
index,T_set_our,
1,25.0,
2,25.0,
3,25.0,
4,25.0,
5,25.0,
6,42.0,
7,25.0,
8,37.0,
9,25.0,
10,25.0,
11,25.0,
12,25.0,
13,25.0,
14,25.0,
15,25.0,
16,32.0,
17,25.0,
18,25.0,
19,25.0,
20,25.0,
21,27.0,
22,25.0,
23,25.0,
24,25.0,
