Expected_Cost_our,Expected_Discomfort_our,
0.610712350331,1.57493079928,
Actual_Cost_our,Actual_Discomfort_our,
0.610468900421,1.55930033347,
Expected_Cost_Du,Expected_Discomfort_Du,
1.19894067179,0.0,
Actual_Cost_Du,Actual_Discomfort_Du,
1.19894067179,0.0,
Actual_Cost_Apt,Actual_Discomfort_Apt,
0.972578554976,2e-07,
Run Time,0.190999984741,
optimality gap,0.01,
index,T_set_our,
1,26.0,
2,26.0,
3,40.0,
4,51.0,
5,75.0,
6,25.0,
7,25.0,
8,25.0,
9,25.0,
10,25.0,
11,27.0,
12,75.0,
13,25.0,
14,25.0,
15,25.0,
16,25.0,
17,37.0,
18,28.0,
19,25.0,
20,25.0,
21,25.0,
22,25.0,
23,25.0,
24,25.0,
