Expected_Cost_our,Expected_Discomfort_our,
1.88683039222,2.68669275196,
Actual_Cost_our,Actual_Discomfort_our,
1.88746965715,2.69079962069,
Expected_Cost_Du,Expected_Discomfort_Du,
2.52311980505,1.03657606712,
Actual_Cost_Du,Actual_Discomfort_Du,
2.52311980505,1.03657606712,
Actual_Cost_Apt,Actual_Discomfort_Apt,
2.47359489922,1.08188846298,
Run Time,0.174999952316,
optimality gap,0.01,
index,T_set_our,
1,25.0,
2,25.0,
3,47.0,
4,72.0,
5,75.0,
6,25.0,
7,25.0,
8,25.0,
9,25.0,
10,25.0,
11,25.0,
12,25.0,
13,53.0,
14,64.0,
15,25.0,
16,25.0,
17,25.0,
18,25.0,
19,25.0,
20,25.0,
21,25.0,
22,25.0,
23,25.0,
24,25.0,
