Expected_Cost_our,Expected_Discomfort_our,
0.445003100439,0.00445188030643,
Actual_Cost_our,Actual_Discomfort_our,
0.445473577844,0.00615029232769,
Expected_Cost_Du,Expected_Discomfort_Du,
0.446895652437,0.0,
Actual_Cost_Du,Actual_Discomfort_Du,
0.446895652437,0.0,
Actual_Cost_Apt,Actual_Discomfort_Apt,
0.46764085588,1e-07,
Run Time,0.203000068665,
optimality gap,0.01,
index,T_set_our,
1,25.0,
2,25.0,
3,25.0,
4,25.0,
5,60.0,
6,60.0,
7,25.0,
8,25.0,
9,25.0,
10,25.0,
11,25.0,
12,25.0,
13,64.0,
14,75.0,
15,25.0,
16,25.0,
17,25.0,
18,25.0,
19,25.0,
20,25.0,
21,25.0,
22,25.0,
23,25.0,
24,25.0,
