Expected_Cost_our,Expected_Discomfort_our,
1.57016746425,1.99864100468,
Actual_Cost_our,Actual_Discomfort_our,
1.57311866432,1.9781629686,
Expected_Cost_Du,Expected_Discomfort_Du,
2.16621761181,0.0,
Actual_Cost_Du,Actual_Discomfort_Du,
2.16621761181,0.0,
Actual_Cost_Apt,Actual_Discomfort_Apt,
2.30429753295,1e-07,
Run Time,0.248999834061,
optimality gap,0.01,
index,T_set_our,
1,25.0,
2,25.0,
3,75.0,
4,25.0,
5,75.0,
6,25.0,
7,25.0,
8,25.0,
9,57.0,
10,25.0,
11,25.0,
12,25.0,
13,25.0,
14,25.0,
15,73.0,
16,25.0,
17,25.0,
18,25.0,
19,25.0,
20,25.0,
21,26.0,
22,25.0,
23,25.0,
24,25.0,
