Expected_Cost_our,Expected_Discomfort_our,
1.73242547708,3.76032151409,
Actual_Cost_our,Actual_Discomfort_our,
1.73278506296,3.76093479133,
Expected_Cost_Du,Expected_Discomfort_Du,
2.12301689202,2.94980070133,
Actual_Cost_Du,Actual_Discomfort_Du,
2.12301689202,2.94980070133,
Actual_Cost_Apt,Actual_Discomfort_Apt,
2.18045354265,0.647886950537,
Run Time,0.204999923706,
optimality gap,0.01,
index,T_set_our,
1,25.0,
2,25.0,
3,25.0,
4,25.0,
5,25.0,
6,25.0,
7,68.0,
8,48.0,
9,25.0,
10,25.0,
11,25.0,
12,41.0,
13,75.0,
14,25.0,
15,25.0,
16,25.0,
17,25.0,
18,25.0,
19,25.0,
20,25.0,
21,25.0,
22,25.0,
23,25.0,
24,25.0,
