Expected_Cost_our,Expected_Discomfort_our,
1.44969655078,3.04692498327,
Actual_Cost_our,Actual_Discomfort_our,
1.4513866859,3.03818965109,
Expected_Cost_Du,Expected_Discomfort_Du,
2.28907181579,0.0,
Actual_Cost_Du,Actual_Discomfort_Du,
2.28907181579,0.0,
Actual_Cost_Apt,Actual_Discomfort_Apt,
2.18971830593,0.0,
Run Time,0.164000034332,
optimality gap,0.01,
index,T_set_our,
1,25.0,
2,25.0,
3,25.0,
4,25.0,
5,25.0,
6,49.000000001,
7,25.0,
8,25.0,
9,25.0,
10,25.0,
11,25.0,
12,45.0,
13,75.0,
14,25.0,
15,25.0,
16,25.0,
17,25.0,
18,25.0,
19,25.0,
20,38.0,
21,25.0,
22,25.0,
23,25.0,
24,25.0,
