Expected_Cost_our,Expected_Discomfort_our,
1.08827746119,2.07981341641,
Actual_Cost_our,Actual_Discomfort_our,
1.08894743367,2.07996942824,
Expected_Cost_Du,Expected_Discomfort_Du,
2.1685842456,0.0,
Actual_Cost_Du,Actual_Discomfort_Du,
2.1685842456,0.0,
Actual_Cost_Apt,Actual_Discomfort_Apt,
1.9068473924,2e-07,
Run Time,0.189999818802,
optimality gap,0.01,
index,T_set_our,
1,25.0,
2,25.0,
3,25.0,
4,25.0,
5,51.0,
6,75.0,
7,25.0,
8,46.0,
9,25.0,
10,25.0,
11,25.0,
12,25.0,
13,27.0,
14,25.0,
15,25.0,
16,25.0,
17,25.0,
18,25.0,
19,25.0,
20,25.0,
21,25.0,
22,25.0,
23,25.0,
24,25.0,
