Expected_Cost_our,Expected_Discomfort_our,
1.35744051819,3.47986303395,
Actual_Cost_our,Actual_Discomfort_our,
1.51456781438,1.78912220875,
Expected_Cost_Du,Expected_Discomfort_Du,
2.17774486409,0.0,
Actual_Cost_Du,Actual_Discomfort_Du,
2.17774486409,0.0,
Actual_Cost_Apt,Actual_Discomfort_Apt,
2.02663184073,3e-07,
Run Time,0.174999952316,
optimality gap,0.01,
index,T_set_our,
1,25.0,
2,25.0,
3,25.0,
4,25.0,
5,25.0,
6,25.0,
7,48.0,
8,25.0,
9,25.0,
10,30.0,
11,75.0,
12,28.0,
13,40.0,
14,25.0,
15,33.0,
16,25.0,
17,25.0,
18,25.0,
19,25.0,
20,25.0,
21,25.0,
22,25.0,
23,25.0,
24,25.0,
