Expected_Cost_our,Expected_Discomfort_our,
1.73745636746,2.37741630399,
Actual_Cost_our,Actual_Discomfort_our,
1.74574440408,2.29550436886,
Expected_Cost_Du,Expected_Discomfort_Du,
1.98557102667,5.14376324735e-05,
Actual_Cost_Du,Actual_Discomfort_Du,
1.98557102667,5.14376324735e-05,
Actual_Cost_Apt,Actual_Discomfort_Apt,
2.24126543685,2e-07,
Run Time,0.177999973297,
optimality gap,0.01,
index,T_set_our,
1,25.0,
2,25.0,
3,25.0,
4,25.0,
5,48.0,
6,25.0,
7,25.0,
8,25.0,
9,30.0,
10,25.0,
11,26.0,
12,25.0,
13,75.0,
14,53.0,
15,74.0,
16,25.0,
17,25.0,
18,25.0,
19,25.0,
20,25.0,
21,25.0,
22,25.0,
23,25.0,
24,25.0,
