Expected_Cost_our,Expected_Discomfort_our,
2.05213603394,2.13248386487,
Actual_Cost_our,Actual_Discomfort_our,
2.05329520553,2.13378511859,
Expected_Cost_Du,Expected_Discomfort_Du,
3.52422648257,0.0,
Actual_Cost_Du,Actual_Discomfort_Du,
3.52422648257,0.0,
Actual_Cost_Apt,Actual_Discomfort_Apt,
4.13545553568,1e-07,
Run Time,0.197000026703,
optimality gap,0.01,
index,T_set_our,
1,25.0,
2,25.0,
3,27.0,
4,51.0,
5,75.0,
6,75.0,
7,75.0,
8,75.0,
9,74.0,
10,25.0,
11,25.0,
12,38.0,
13,62.0,
14,75.0,
15,25.0,
16,25.0,
17,25.0,
18,25.0,
19,25.0,
20,25.0,
21,34.0,
22,25.0,
23,25.0,
24,25.0,
