Expected_Cost_our,Expected_Discomfort_our,
1.48395426793,3.79732593508,
Actual_Cost_our,Actual_Discomfort_our,
1.59531249883,2.66929356665,
Expected_Cost_Du,Expected_Discomfort_Du,
2.04362295936,1.49829777922,
Actual_Cost_Du,Actual_Discomfort_Du,
2.04362295936,1.49829777922,
Actual_Cost_Apt,Actual_Discomfort_Apt,
2.03071053491,0.689307793217,
Run Time,0.164000034332,
optimality gap,0.01,
index,T_set_our,
1,25.0,
2,25.0,
3,25.0,
4,25.0,
5,52.0,
6,25.0,
7,25.0,
8,25.0,
9,25.0,
10,25.0,
11,75.0,
12,25.0,
13,25.0,
14,25.0,
15,69.0,
16,25.0,
17,25.0,
18,25.0,
19,25.0,
20,25.0,
21,25.0,
22,25.0,
23,25.0,
24,25.0,
