Expected_Cost_our,Expected_Discomfort_our,
0.772514214127,0.780015381812,
Actual_Cost_our,Actual_Discomfort_our,
0.773271017831,0.780118476156,
Expected_Cost_Du,Expected_Discomfort_Du,
0.859297821369,0.0,
Actual_Cost_Du,Actual_Discomfort_Du,
0.859297821369,0.0,
Actual_Cost_Apt,Actual_Discomfort_Apt,
0.881267369233,0.0,
Run Time,0.178000211716,
optimality gap,0.01,
index,T_set_our,
1,25.0,
2,25.0,
3,25.0,
4,59.0,
5,25.0,
6,25.0,
7,25.0,
8,25.0,
9,32.0,
10,25.0,
11,25.0,
12,25.0,
13,25.0,
14,54.0,
15,75.0,
16,25.0,
17,25.0,
18,25.0,
19,25.0,
20,25.0,
21,25.0,
22,25.0,
23,25.0,
24,25.0,
