Expected_Cost_our,Expected_Discomfort_our,
0.91394956352,0.0508449526688,
Actual_Cost_our,Actual_Discomfort_our,
0.914544823824,0.0513268885643,
Expected_Cost_Du,Expected_Discomfort_Du,
0.914602899681,0.0,
Actual_Cost_Du,Actual_Discomfort_Du,
0.914602899681,0.0,
Actual_Cost_Apt,Actual_Discomfort_Apt,
0.886441642176,1e-07,
Run Time,0.151000022888,
optimality gap,0.01,
index,T_set_our,
1,25.0,
2,25.0,
3,25.0,
4,25.0,
5,25.0,
6,72.0,
7,72.0,
8,25.0,
9,25.0,
10,25.0,
11,25.0,
12,25.0,
13,25.0,
14,63.0,
15,75.0,
16,25.0,
17,25.0,
18,25.0,
19,25.0,
20,25.0,
21,25.0,
22,25.0,
23,25.0,
24,25.0,
