Expected_Cost_our,Expected_Discomfort_our,
0.873301843821,2.44247826328,
Actual_Cost_our,Actual_Discomfort_our,
0.852805941214,2.63076293878,
Expected_Cost_Du,Expected_Discomfort_Du,
1.57236351755,6.57086509154,
Actual_Cost_Du,Actual_Discomfort_Du,
1.57236351755,6.57086509154,
Actual_Cost_Apt,Actual_Discomfort_Apt,
1.32159072629,3.36667380184,
Run Time,0.15900015831,
optimality gap,0.01,
index,T_set_our,
1,25.0,
2,25.0,
3,25.0,
4,75.0,
5,52.0,
6,25.0,
7,25.0,
8,25.0,
9,25.0,
10,25.0,
11,25.0,
12,53.0,
13,75.0,
14,50.0,
15,75.0,
16,75.0,
17,74.0,
18,73.0,
19,25.0,
20,25.0,
21,25.0,
22,25.0,
23,25.0,
24,25.0,
