Expected_Cost_our,Expected_Discomfort_our,
0.853398004795,2.66522910709,
Actual_Cost_our,Actual_Discomfort_our,
0.823952597816,2.82715275124,
Expected_Cost_Du,Expected_Discomfort_Du,
1.58515087942,0.0,
Actual_Cost_Du,Actual_Discomfort_Du,
1.58515087942,0.0,
Actual_Cost_Apt,Actual_Discomfort_Apt,
1.46966467744,0.164770508567,
Run Time,0.148999929428,
optimality gap,0.01,
index,T_set_our,
1,25.0,
2,25.0,
3,25.0,
4,25.0,
5,25.0,
6,32.0,
7,25.0,
8,25.0,
9,25.0,
10,25.0,
11,25.0,
12,25.0,
13,50.0,
14,25.0,
15,74.0,
16,49.0,
17,25.0,
18,25.0,
19,25.0,
20,25.0,
21,25.0,
22,25.0,
23,25.0,
24,25.0,
