Expected_Cost_our,Expected_Discomfort_our,
0.899263833805,1.07292505726,
Actual_Cost_our,Actual_Discomfort_our,
0.867968070029,1.13775333138,
Expected_Cost_Du,Expected_Discomfort_Du,
1.2375700045,0.0,
Actual_Cost_Du,Actual_Discomfort_Du,
1.2375700045,0.0,
Actual_Cost_Apt,Actual_Discomfort_Apt,
1.35256884537,0.0,
Run Time,0.174000024796,
optimality gap,0.01,
index,T_set_our,
1,25.0,
2,25.0,
3,25.0,
4,25.0,
5,29.0,
6,25.0,
7,25.0,
8,25.0,
9,27.0,
10,25.0,
11,27.0,
12,25.0,
13,25.0,
14,48.0,
15,53.0,
16,25.0,
17,75.0,
18,25.0,
19,25.0,
20,52.0,
21,25.0,
22,35.0,
23,25.0,
24,25.0,
