Expected_Cost_our,Expected_Discomfort_our,
0.685787158554,2.31307451739,
Actual_Cost_our,Actual_Discomfort_our,
0.633445026133,2.83942455388,
Expected_Cost_Du,Expected_Discomfort_Du,
1.41016038841,0.0,
Actual_Cost_Du,Actual_Discomfort_Du,
1.41016038841,0.0,
Actual_Cost_Apt,Actual_Discomfort_Apt,
1.35452438811,2e-07,
Run Time,0.197000026703,
optimality gap,0.01,
index,T_set_our,
1,25.0,
2,25.0,
3,26.0,
4,51.0,
5,75.0,
6,25.0,
7,25.0,
8,55.0,
9,25.0,
10,25.0,
11,61.0,
12,40.0,
13,57.0,
14,75.0,
15,25.0,
16,25.0,
17,25.0,
18,25.0,
19,25.0,
20,25.0,
21,25.0,
22,25.0,
23,25.0,
24,25.0,
