Expected_Cost_our,Expected_Discomfort_our,
1.61587564626,8.58789584542,
Actual_Cost_our,Actual_Discomfort_our,
1.60818035194,8.67376607288,
Expected_Cost_Du,Expected_Discomfort_Du,
2.57542267417,7.12351040194,
Actual_Cost_Du,Actual_Discomfort_Du,
2.57542267417,7.12351040194,
Actual_Cost_Apt,Actual_Discomfort_Apt,
2.42297853398,4.1845749147,
Run Time,0.172000169754,
optimality gap,0.01,
index,T_set_our,
1,25.0,
2,33.0,
3,25.0,
4,49.0,
5,75.0,
6,75.0,
7,75.0,
8,25.0,
9,25.0,
10,36.0,
11,41.0,
12,52.0,
13,27.0,
14,49.0,
15,73.0,
16,75.0,
17,25.0,
18,75.0,
19,25.0,
20,25.0,
21,42.0,
22,33.0,
23,25.0,
24,25.0,
