Expected_Cost_our,Expected_Discomfort_our,
0.395935062747,0.136501946992,
Actual_Cost_our,Actual_Discomfort_our,
0.396142555367,0.137510225129,
Expected_Cost_Du,Expected_Discomfort_Du,
0.687082406282,0.0,
Actual_Cost_Du,Actual_Discomfort_Du,
0.687082406282,0.0,
Actual_Cost_Apt,Actual_Discomfort_Apt,
0.656368845777,1e-07,
Run Time,0.233999967575,
optimality gap,0.01,
index,T_set_our,
1,25.0,
2,25.0,
3,25.0,
4,51.0,
5,75.0,
6,25.0,
7,25.0,
8,25.0,
9,25.0,
10,75.0,
11,25.0,
12,25.0,
13,75.0,
14,75.0,
15,25.0,
16,25.0,
17,25.0,
18,25.0,
19,47.0,
20,25.0,
21,25.0,
22,25.0,
23,25.0,
24,25.0,
