Expected_Cost_our,Expected_Discomfort_our,
2.25326887534,5.92916129813,
Actual_Cost_our,Actual_Discomfort_our,
2.37102431224,5.62352611973,
Expected_Cost_Du,Expected_Discomfort_Du,
3.42191793521,0.488477852596,
Actual_Cost_Du,Actual_Discomfort_Du,
3.42191793521,0.488477852596,
Actual_Cost_Apt,Actual_Discomfort_Apt,
4.12200171805,3e-07,
Run Time,0.176999807358,
optimality gap,0.01,
index,T_set_our,
1,25.0,
2,25.0,
3,25.0,
4,50.0,
5,66.0,
6,25.0,
7,25.0,
8,25.0,
9,25.0,
10,25.0,
11,25.0,
12,25.0,
13,25.0,
14,25.0,
15,25.0,
16,25.0,
17,25.0,
18,33.0,
19,25.0,
20,25.0,
21,27.0,
22,26.0,
23,26.0,
24,25.0,
