Expected_Cost_our,Expected_Discomfort_our,
1.37220825658,9.2380085412,
Actual_Cost_our,Actual_Discomfort_our,
1.36510492693,9.29859981028,
Expected_Cost_Du,Expected_Discomfort_Du,
2.24788145636,12.6248653178,
Actual_Cost_Du,Actual_Discomfort_Du,
2.24788145636,12.6248653178,
Actual_Cost_Apt,Actual_Discomfort_Apt,
2.33593536705,5.27789599806,
Run Time,0.171000003815,
optimality gap,0.01,
index,T_set_our,
1,25.0,
2,25.0,
3,27.0,
4,52.0,
5,75.0,
6,75.0,
7,52.0,
8,27.0,
9,27.0,
10,75.0,
11,75.0,
12,75.0,
13,75.0,
14,75.0,
15,75.0,
16,75.0,
17,75.0,
18,75.0,
19,75.0,
20,25.0,
21,25.0,
22,25.0,
23,25.0,
24,25.0,
