Expected_Cost_our,Expected_Discomfort_our,
0.439466746747,2.73777458798,
Actual_Cost_our,Actual_Discomfort_our,
0.441373315999,2.72317689765,
Expected_Cost_Du,Expected_Discomfort_Du,
1.4039355155,1.38327947866,
Actual_Cost_Du,Actual_Discomfort_Du,
1.4039355155,1.38327947866,
Actual_Cost_Apt,Actual_Discomfort_Apt,
1.09835762745,0.856802735729,
Run Time,0.235000133514,
optimality gap,0.01,
index,T_set_our,
1,25.0,
2,25.0,
3,40.0,
4,75.0,
5,75.0,
6,75.0,
7,25.0,
8,25.0,
9,25.0,
10,25.0,
11,25.0,
12,75.0,
13,66.0,
14,66.0,
15,75.0,
16,25.0,
17,25.0,
18,25.0,
19,25.0,
20,25.0,
21,25.0,
22,25.0,
23,25.0,
24,25.0,
