Expected_Cost_our,Expected_Discomfort_our,
0.306656325373,0.353871925367,
Actual_Cost_our,Actual_Discomfort_our,
0.306770031791,0.356200518921,
Expected_Cost_Du,Expected_Discomfort_Du,
0.762528232803,0.0,
Actual_Cost_Du,Actual_Discomfort_Du,
0.762528232803,0.0,
Actual_Cost_Apt,Actual_Discomfort_Apt,
0.702252182727,1e-07,
Run Time,0.174000024796,
optimality gap,0.01,
index,T_set_our,
1,25.0,
2,25.0,
3,25.0,
4,50.0,
5,74.0,
6,75.0,
7,29.0,
8,75.0,
9,25.0,
10,75.0,
11,25.0,
12,52.0,
13,52.0,
14,25.0,
15,25.0,
16,25.0,
17,38.0,
18,25.0,
19,25.0,
20,25.0,
21,25.0,
22,25.0,
23,25.0,
24,25.0,
