Expected_Cost_our,Expected_Discomfort_our,
0.637606323839,2.58709336781,
Actual_Cost_our,Actual_Discomfort_our,
0.638092379455,2.58799060757,
Expected_Cost_Du,Expected_Discomfort_Du,
1.23945989964,0.0,
Actual_Cost_Du,Actual_Discomfort_Du,
1.23945989964,0.0,
Actual_Cost_Apt,Actual_Discomfort_Apt,
1.35126252298,1e-07,
Run Time,0.22000002861,
optimality gap,0.01,
index,T_set_our,
1,25.0,
2,25.0,
3,26.0,
4,75.0,
5,75.0,
6,75.0,
7,75.0,
8,25.0,
9,72.0,
10,72.0,
11,72.0,
12,75.0,
13,75.0,
14,75.0,
15,25.0,
16,25.0,
17,25.0,
18,25.0,
19,25.0,
20,25.0,
21,25.0,
22,25.0,
23,25.0,
24,25.0,
