Expected_Cost_our,Expected_Discomfort_our,
1.18047339946,0.957526266312,
Actual_Cost_our,Actual_Discomfort_our,
1.22278153901,0.758432736535,
Expected_Cost_Du,Expected_Discomfort_Du,
2.28013173922,0.0,
Actual_Cost_Du,Actual_Discomfort_Du,
2.28013173922,0.0,
Actual_Cost_Apt,Actual_Discomfort_Apt,
2.70358735039,1e-07,
Run Time,0.171000003815,
optimality gap,0.01,
index,T_set_our,
1,26.0,
2,26.0,
3,25.0,
4,49.0,
5,75.0,
6,25.0,
7,25.0,
8,25.0,
9,25.0,
10,25.0,
11,25.0,
12,25.0,
13,25.0,
14,25.0,
15,47.0,
16,25.0,
17,25.0,
18,25.0,
19,29.0,
20,25.0,
21,26.0,
22,26.0,
23,26.0,
24,26.0,
