Expected_Cost_our,Expected_Discomfort_our,
1.10897702558,1.86955691283,
Actual_Cost_our,Actual_Discomfort_our,
1.10580938848,1.90655683377,
Expected_Cost_Du,Expected_Discomfort_Du,
1.9541757262,0.0,
Actual_Cost_Du,Actual_Discomfort_Du,
1.9541757262,0.0,
Actual_Cost_Apt,Actual_Discomfort_Apt,
1.85535430557,2e-07,
Run Time,0.542000055313,
optimality gap,0.01,
index,T_set_our,
1,25.0,
2,25.0,
3,75.0,
4,75.0,
5,75.0,
6,75.0,
7,75.0,
8,57.0,
9,56.0,
10,75.0,
11,75.0,
12,25.0,
13,25.0,
14,49.0,
15,31.0,
16,28.0,
17,25.0,
18,25.0,
19,25.0,
20,25.0,
21,28.0,
22,25.0,
23,25.0,
24,25.0,
