Expected_Cost_our,Expected_Discomfort_our,
0.62029357305,0.943829865563,
Actual_Cost_our,Actual_Discomfort_our,
0.628453038521,0.848746192062,
Expected_Cost_Du,Expected_Discomfort_Du,
1.46449621869,0.0,
Actual_Cost_Du,Actual_Discomfort_Du,
1.46449621869,0.0,
Actual_Cost_Apt,Actual_Discomfort_Apt,
1.29634841285,1e-07,
Run Time,0.188999891281,
optimality gap,0.01,
index,T_set_our,
1,25.0,
2,25.0,
3,26.0,
4,51.0,
5,51.0,
6,75.0,
7,75.0,
8,25.0,
9,56.0,
10,75.0,
11,25.0,
12,25.0,
13,25.0,
14,32.0,
15,33.0,
16,25.0,
17,32.0,
18,31.0,
19,25.0,
20,25.0,
21,30.0,
22,25.0,
23,25.0,
24,25.0,
