Expected_Cost_our,Expected_Discomfort_our,
0.609835368153,1.55683829441,
Actual_Cost_our,Actual_Discomfort_our,
0.604295532953,1.57106243061,
Expected_Cost_Du,Expected_Discomfort_Du,
1.49131108363,0.0,
Actual_Cost_Du,Actual_Discomfort_Du,
1.49131108363,0.0,
Actual_Cost_Apt,Actual_Discomfort_Apt,
1.316138135,1e-07,
Run Time,0.1859998703,
optimality gap,0.01,
index,T_set_our,
1,25.0,
2,25.0,
3,49.0,
4,73.0,
5,75.0,
6,75.0,
7,75.0,
8,75.0,
9,25.0,
10,47.0,
11,25.0,
12,25.0,
13,25.0,
14,44.0,
15,25.0,
16,25.0,
17,25.0,
18,25.0,
19,25.0,
20,25.0,
21,25.0,
22,25.0,
23,25.0,
24,25.0,
