Expected_Cost_our,Expected_Discomfort_our,
0.625528474782,1.46650367781,
Actual_Cost_our,Actual_Discomfort_our,
0.666636962017,1.04700568649,
Expected_Cost_Du,Expected_Discomfort_Du,
1.48769116027,0.0,
Actual_Cost_Du,Actual_Discomfort_Du,
1.48769116027,0.0,
Actual_Cost_Apt,Actual_Discomfort_Apt,
1.34995674058,0.0,
Run Time,0.191999912262,
optimality gap,0.01,
index,T_set_our,
1,25.0,
2,25.0,
3,25.0,
4,75.0,
5,75.0,
6,25.0,
7,75.0,
8,75.0,
9,42.0,
10,25.0,
11,25.0,
12,25.0,
13,25.0,
14,25.0,
15,45.0,
16,25.0,
17,25.0,
18,25.0,
19,25.0,
20,25.0,
21,25.0,
22,25.0,
23,25.0,
24,25.0,
