Expected_Cost_our,Expected_Discomfort_our,
0.351294350414,1.04615673323,
Actual_Cost_our,Actual_Discomfort_our,
0.32988526598,1.11520243406,
Expected_Cost_Du,Expected_Discomfort_Du,
0.843246989243,0.0,
Actual_Cost_Du,Actual_Discomfort_Du,
0.843246989243,0.0,
Actual_Cost_Apt,Actual_Discomfort_Apt,
1.03305135293,1e-07,
Run Time,0.183000087738,
optimality gap,0.01,
index,T_set_our,
1,25.0,
2,25.0,
3,26.0,
4,40.0,
5,75.0,
6,25.0,
7,25.0,
8,25.0,
9,25.0,
10,75.0,
11,54.0,
12,55.0,
13,25.0,
14,25.0,
15,25.0,
16,25.0,
17,25.0,
18,25.0,
19,25.0,
20,25.0,
21,25.0,
22,25.0,
23,25.0,
24,25.0,
