Expected_Cost_our,Expected_Discomfort_our,
0.333432469448,1.0301853576,
Actual_Cost_our,Actual_Discomfort_our,
0.333577454925,1.03192209277,
Expected_Cost_Du,Expected_Discomfort_Du,
1.12041018088,0.0,
Actual_Cost_Du,Actual_Discomfort_Du,
1.12041018088,0.0,
Actual_Cost_Apt,Actual_Discomfort_Apt,
0.973478710022,1e-07,
Run Time,0.243000030518,
optimality gap,0.01,
index,T_set_our,
1,25.0,
2,26.0,
3,25.0,
4,49.0,
5,75.0,
6,75.0,
7,63.0,
8,68.0,
9,65.0,
10,61.0,
11,62.0,
12,62.0,
13,61.0,
14,59.0,
15,41.0,
16,45.0,
17,25.0,
18,25.0,
19,25.0,
20,25.0,
21,25.0,
22,25.0,
23,25.0,
24,25.0,
