Expected_Cost_our,Expected_Discomfort_our,
0.847424430789,2.71913168994,
Actual_Cost_our,Actual_Discomfort_our,
0.846467477754,2.73431186131,
Expected_Cost_Du,Expected_Discomfort_Du,
1.788488712,0.0,
Actual_Cost_Du,Actual_Discomfort_Du,
1.788488712,0.0,
Actual_Cost_Apt,Actual_Discomfort_Apt,
1.48496960085,1e-07,
Run Time,0.218999862671,
optimality gap,0.01,
index,T_set_our,
1,25.0,
2,25.0,
3,25.0,
4,27.0,
5,25.0,
6,51.0,
7,75.0,
8,25.0,
9,37.0,
10,25.0,
11,25.0,
12,25.0,
13,46.0,
14,25.0,
15,25.0,
16,25.0,
17,25.0,
18,25.0,
19,25.0,
20,26.0,
21,25.0,
22,25.0,
23,25.0,
24,25.0,
