Expected_Cost_our,Expected_Discomfort_our,
1.378395,4.66908272284,
Actual_Cost_our,Actual_Discomfort_our,
1.37839537864,4.67362357186,
Expected_Cost_Du,Expected_Discomfort_Du,
1.74674613791,13.1860892127,
Actual_Cost_Du,Actual_Discomfort_Du,
1.74674613791,13.1860892127,
Actual_Cost_Apt,Actual_Discomfort_Apt,
1.60701756739,4.20948284881,
Run Time,0.171999931335,
optimality gap,0.01,
index,T_set_our,
1,25.0,
2,25.0,
3,25.0,
4,25.0,
5,25.0,
6,25.0,
7,75.0,
8,25.0,
9,25.0,
10,25.0,
11,29.0,
12,57.0,
13,64.0,
14,46.0,
15,25.0,
16,25.0,
17,25.0,
18,25.0,
19,25.0,
20,25.0,
21,25.0,
22,25.0,
23,25.0,
24,25.0,
