Expected_Cost_our,Expected_Discomfort_our,
0.553956095782,5.32564965916,
Actual_Cost_our,Actual_Discomfort_our,
0.947301741564,1.21464246643,
Expected_Cost_Du,Expected_Discomfort_Du,
1.54402466376,3.9642731118,
Actual_Cost_Du,Actual_Discomfort_Du,
1.54402466376,3.9642731118,
Actual_Cost_Apt,Actual_Discomfort_Apt,
1.407621745,1.59719613835,
Run Time,0.219000101089,
optimality gap,0.01,
index,T_set_our,
1,25.0,
2,25.0,
3,25.0,
4,50.0,
5,75.0,
6,75.0,
7,25.0,
8,25.0,
9,25.0,
10,25.0,
11,30.0,
12,25.0,
13,25.0,
14,49.0,
15,48.0,
16,25.0,
17,25.0,
18,25.0,
19,25.0,
20,25.0,
21,25.0,
22,25.0,
23,25.0,
24,25.0,
