Expected_Cost_our,Expected_Discomfort_our,
0.405235646274,0.332632957284,
Actual_Cost_our,Actual_Discomfort_our,
0.382434146601,0.407177283975,
Expected_Cost_Du,Expected_Discomfort_Du,
0.644711515471,0.0,
Actual_Cost_Du,Actual_Discomfort_Du,
0.644711515471,0.0,
Actual_Cost_Apt,Actual_Discomfort_Apt,
0.646869322981,1e-07,
Run Time,0.332000017166,
optimality gap,0.01,
index,T_set_our,
1,25.0,
2,25.0,
3,25.0,
4,60.0,
5,75.0,
6,25.0,
7,25.0,
8,25.0,
9,25.0,
10,50.0,
11,54.0,
12,75.0,
13,75.0,
14,75.0,
15,25.0,
16,25.0,
17,25.0,
18,25.0,
19,25.0,
20,25.0,
21,25.0,
22,35.0,
23,25.0,
24,25.0,
