Expected_Cost_our,Expected_Discomfort_our,
0.885273205309,1.15594441016,
Actual_Cost_our,Actual_Discomfort_our,
0.870940205639,1.29005772211,
Expected_Cost_Du,Expected_Discomfort_Du,
1.50734012267,0.0,
Actual_Cost_Du,Actual_Discomfort_Du,
1.50734012267,0.0,
Actual_Cost_Apt,Actual_Discomfort_Apt,
1.51990230881,1e-07,
Run Time,0.178999900818,
optimality gap,0.01,
index,T_set_our,
1,26.0,
2,26.0,
3,65.0,
4,75.0,
5,25.0,
6,25.0,
7,25.0,
8,25.0,
9,25.0,
10,25.0,
11,25.0,
12,25.0,
13,55.0,
14,25.0,
15,25.0,
16,25.0,
17,25.0,
18,25.0,
19,25.0,
20,37.0,
21,25.0,
22,25.0,
23,25.0,
24,26.0,
