Expected_Cost_our,Expected_Discomfort_our,
2.0522749732,6.77399788944,
Actual_Cost_our,Actual_Discomfort_our,
2.05396018092,6.76513897872,
Expected_Cost_Du,Expected_Discomfort_Du,
3.69863093482,0.0,
Actual_Cost_Du,Actual_Discomfort_Du,
3.69863093482,0.0,
Actual_Cost_Apt,Actual_Discomfort_Apt,
3.93189611454,2e-07,
Run Time,0.158000230789,
optimality gap,0.01,
index,T_set_our,
1,25.0,
2,25.0,
3,25.0,
4,25.0,
5,25.0,
6,25.0,
7,25.0,
8,25.0,
9,25.0,
10,25.0,
11,25.0,
12,25.0,
13,25.0,
14,25.0,
15,40.0,
16,25.0,
17,25.0,
18,25.0,
19,25.0,
20,25.0,
21,25.0,
22,25.0,
23,25.0,
24,25.0,
