Expected_Cost_our,Expected_Discomfort_our,
0.385851046544,1.46168643309,
Actual_Cost_our,Actual_Discomfort_our,
0.38824606935,1.44734030486,
Expected_Cost_Du,Expected_Discomfort_Du,
1.23879562727,0.0,
Actual_Cost_Du,Actual_Discomfort_Du,
1.23879562727,0.0,
Actual_Cost_Apt,Actual_Discomfort_Apt,
1.0926950415,1e-07,
Run Time,0.186999797821,
optimality gap,0.01,
index,T_set_our,
1,25.0,
2,25.0,
3,35.0,
4,59.0,
5,75.0,
6,75.0,
7,75.0,
8,75.0,
9,66.0,
10,66.0,
11,66.0,
12,66.0,
13,51.0,
14,49.0,
15,49.0,
16,48.0,
17,45.0,
18,43.0,
19,43.0,
20,34.0,
21,33.0,
22,28.0,
23,25.0,
24,25.0,
