Expected_Cost_our,Expected_Discomfort_our,
0.845667418774,1.90974567641,
Actual_Cost_our,Actual_Discomfort_our,
0.846535609713,1.90684556959,
Expected_Cost_Du,Expected_Discomfort_Du,
1.15564199795,0.42568687047,
Actual_Cost_Du,Actual_Discomfort_Du,
1.15564199795,0.42568687047,
Actual_Cost_Apt,Actual_Discomfort_Apt,
1.1427133801,2e-07,
Run Time,0.203000068665,
optimality gap,0.01,
index,T_set_our,
1,25.0,
2,25.0,
3,25.0,
4,25.0,
5,61.0,
6,25.0,
7,25.0,
8,25.0,
9,25.0,
10,25.0,
11,25.0,
12,25.0,
13,27.0,
14,52.0,
15,75.0,
16,75.0,
17,25.0,
18,25.0,
19,25.0,
20,25.0,
21,25.0,
22,25.0,
23,25.0,
24,25.0,
