Expected_Cost_our,Expected_Discomfort_our,
0.581575247891,1.68931172465,
Actual_Cost_our,Actual_Discomfort_our,
0.583137889128,1.68476702731,
Expected_Cost_Du,Expected_Discomfort_Du,
1.77018555007,0.0,
Actual_Cost_Du,Actual_Discomfort_Du,
1.77018555007,0.0,
Actual_Cost_Apt,Actual_Discomfort_Apt,
1.43848257261,1e-07,
Run Time,0.188999891281,
optimality gap,0.01,
index,T_set_our,
1,25.0,
2,26.0,
3,26.0,
4,26.0,
5,43.0,
6,25.0,
7,43.0,
8,25.0,
9,25.0,
10,25.0,
11,25.0,
12,25.0,
13,25.0,
14,34.0,
15,25.0,
16,25.0,
17,25.0,
18,25.0,
19,25.0,
20,25.0,
21,25.0,
22,25.0,
23,26.0,
24,26.0,
