Expected_Cost_our,Expected_Discomfort_our,
0.638540206385,2.18716003447,
Actual_Cost_our,Actual_Discomfort_our,
0.643621205185,2.15126577582,
Expected_Cost_Du,Expected_Discomfort_Du,
1.46399077661,0.0,
Actual_Cost_Du,Actual_Discomfort_Du,
1.46399077661,0.0,
Actual_Cost_Apt,Actual_Discomfort_Apt,
1.56535581055,2e-07,
Run Time,0.200000047684,
optimality gap,0.01,
index,T_set_our,
1,25.0,
2,25.0,
3,25.0,
4,25.0,
5,25.0,
6,40.0,
7,25.0,
8,25.0,
9,25.0,
10,25.0,
11,25.0,
12,25.0,
13,41.0,
14,25.0,
15,25.0,
16,25.0,
17,25.0,
18,25.0,
19,25.0,
20,25.0,
21,25.0,
22,25.0,
23,25.0,
24,25.0,
