Expected_Cost_our,Expected_Discomfort_our,
0.757527627958,3.18920245162,
Actual_Cost_our,Actual_Discomfort_our,
0.791156328503,2.87966484219,
Expected_Cost_Du,Expected_Discomfort_Du,
1.47866325352,0.358014495329,
Actual_Cost_Du,Actual_Discomfort_Du,
1.47866325352,0.358014495329,
Actual_Cost_Apt,Actual_Discomfort_Apt,
1.90394439654,1e-07,
Run Time,0.229000091553,
optimality gap,0.01,
index,T_set_our,
1,25.0,
2,25.0,
3,25.0,
4,25.0,
5,25.0,
6,25.0,
7,25.0,
8,26.0,
9,25.0,
10,25.0,
11,25.0,
12,25.0,
13,25.0,
14,25.0,
15,31.0,
16,25.0,
17,25.0,
18,25.0,
19,25.0,
20,25.0,
21,25.0,
22,25.0,
23,25.0,
24,31.0,
