Expected_Cost_our,Expected_Discomfort_our,
0.446875267066,2.66788691894,
Actual_Cost_our,Actual_Discomfort_our,
0.455709362725,2.5937490213,
Expected_Cost_Du,Expected_Discomfort_Du,
1.91787425316,1.19788109121,
Actual_Cost_Du,Actual_Discomfort_Du,
1.91787425316,1.19788109121,
Actual_Cost_Apt,Actual_Discomfort_Apt,
1.34747326921,0.653771476488,
Run Time,0.21799993515,
optimality gap,0.01,
index,T_set_our,
1,25.0,
2,25.0,
3,26.0,
4,75.0,
5,75.0,
6,46.0,
7,25.0,
8,25.0,
9,25.0,
10,46.0,
11,25.0,
12,25.0,
13,26.0,
14,25.0,
15,25.0,
16,28.0,
17,25.0,
18,25.0,
19,25.0,
20,25.0,
21,25.0,
22,25.0,
23,25.0,
24,25.0,
