Expected_Cost_our,Expected_Discomfort_our,
0.662764714883,0.92585798576,
Actual_Cost_our,Actual_Discomfort_our,
0.663816550288,0.929903322423,
Expected_Cost_Du,Expected_Discomfort_Du,
1.58050290273,0.0,
Actual_Cost_Du,Actual_Discomfort_Du,
1.58050290273,0.0,
Actual_Cost_Apt,Actual_Discomfort_Apt,
1.17722584098,1e-07,
Run Time,0.171000003815,
optimality gap,0.01,
index,T_set_our,
1,25.0,
2,25.0,
3,25.0,
4,49.0,
5,60.0,
6,25.0,
7,25.0,
8,25.0,
9,25.0,
10,25.0,
11,25.0,
12,25.0,
13,25.0,
14,25.0,
15,25.0,
16,44.0,
17,25.0,
18,25.0,
19,25.0,
20,25.0,
21,25.0,
22,25.0,
23,25.0,
24,25.0,
