Expected_Cost_our,Expected_Discomfort_our,
0.829489953473,2.64013455082,
Actual_Cost_our,Actual_Discomfort_our,
0.826919703861,2.67033206827,
Expected_Cost_Du,Expected_Discomfort_Du,
1.83118046054,0.0,
Actual_Cost_Du,Actual_Discomfort_Du,
1.83118046054,0.0,
Actual_Cost_Apt,Actual_Discomfort_Apt,
1.47652491842,1e-07,
Run Time,0.247000217438,
optimality gap,0.01,
index,T_set_our,
1,25.0,
2,25.0,
3,25.0,
4,25.0,
5,25.0,
6,25.0,
7,25.0,
8,25.0,
9,27.0,
10,25.0,
11,25.0,
12,25.0,
13,50.0,
14,30.0,
15,50.0,
16,25.0,
17,25.0,
18,25.0,
19,25.0,
20,25.0,
21,25.0,
22,25.0,
23,25.0,
24,25.0,
