Expected_Cost_our,Expected_Discomfort_our,
1.50211103205,3.85366615742,
Actual_Cost_our,Actual_Discomfort_our,
1.47800641238,3.99798208735,
Expected_Cost_Du,Expected_Discomfort_Du,
2.74042849006,0.0,
Actual_Cost_Du,Actual_Discomfort_Du,
2.74042849006,0.0,
Actual_Cost_Apt,Actual_Discomfort_Apt,
3.27846327518,1e-07,
Run Time,0.209000110626,
optimality gap,0.01,
index,T_set_our,
1,25.0,
2,25.0,
3,49.0,
4,74.0,
5,75.0,
6,25.0,
7,25.0,
8,25.0,
9,25.0,
10,25.0,
11,25.0,
12,75.0,
13,25.0,
14,25.0,
15,25.0,
16,25.0,
17,25.0,
18,25.0,
19,25.0,
20,25.0,
21,25.0,
22,25.0,
23,25.0,
24,25.0,
