Expected_Cost_our,Expected_Discomfort_our,
1.54713002827,5.76718755357,
Actual_Cost_our,Actual_Discomfort_our,
1.5476754845,5.767792715,
Expected_Cost_Du,Expected_Discomfort_Du,
2.89907281643,0.0,
Actual_Cost_Du,Actual_Discomfort_Du,
2.89907281643,0.0,
Actual_Cost_Apt,Actual_Discomfort_Apt,
2.70405160732,2e-07,
Run Time,0.236000061035,
optimality gap,0.01,
index,T_set_our,
1,25.0,
2,25.0,
3,26.0,
4,75.0,
5,75.0,
6,25.0,
7,25.0,
8,30.0,
9,25.0,
10,25.0,
11,25.0,
12,39.0,
13,35.0,
14,25.0,
15,25.0,
16,25.0,
17,26.0,
18,25.0,
19,25.0,
20,25.0,
21,25.0,
22,25.0,
23,25.0,
24,25.0,
