Expected_Cost_our,Expected_Discomfort_our,
0.993058033787,1.29995623161,
Actual_Cost_our,Actual_Discomfort_our,
0.995356426338,1.28842816383,
Expected_Cost_Du,Expected_Discomfort_Du,
1.73331589789,0.0,
Actual_Cost_Du,Actual_Discomfort_Du,
1.73331589789,0.0,
Actual_Cost_Apt,Actual_Discomfort_Apt,
1.85679332555,1e-07,
Run Time,0.188999891281,
optimality gap,0.01,
index,T_set_our,
1,25.0,
2,25.0,
3,26.0,
4,51.0,
5,75.0,
6,75.0,
7,25.0,
8,25.0,
9,25.0,
10,25.0,
11,74.0,
12,25.0,
13,25.0,
14,25.0,
15,25.0,
16,25.0,
17,25.0,
18,25.0,
19,25.0,
20,25.0,
21,25.0,
22,25.0,
23,25.0,
24,25.0,
