Expected_Cost_our,Expected_Discomfort_our,
1.49504226202,4.86859029101,
Actual_Cost_our,Actual_Discomfort_our,
1.49748406308,4.85432281758,
Expected_Cost_Du,Expected_Discomfort_Du,
2.6925017298,0.0,
Actual_Cost_Du,Actual_Discomfort_Du,
2.6925017298,0.0,
Actual_Cost_Apt,Actual_Discomfort_Apt,
2.30719049557,1.2691902431,
Run Time,0.194000005722,
optimality gap,0.01,
index,T_set_our,
1,25.0,
2,25.0,
3,26.0,
4,25.0,
5,51.0,
6,25.0,
7,75.0,
8,75.0,
9,25.0,
10,25.0,
11,25.0,
12,64.0,
13,25.0,
14,64.0,
15,25.0,
16,25.0,
17,25.0,
18,25.0,
19,25.0,
20,25.0,
21,25.0,
22,25.0,
23,25.0,
24,25.0,
