Expected_Cost_our,Expected_Discomfort_our,
0.998107412522,2.35194320465,
Actual_Cost_our,Actual_Discomfort_our,
0.992012956608,2.40503234245,
Expected_Cost_Du,Expected_Discomfort_Du,
1.84910419404,0.0,
Actual_Cost_Du,Actual_Discomfort_Du,
1.84910419404,0.0,
Actual_Cost_Apt,Actual_Discomfort_Apt,
1.74586106637,1e-07,
Run Time,0.177000045776,
optimality gap,0.01,
index,T_set_our,
1,26.0,
2,26.0,
3,26.0,
4,26.0,
5,25.0,
6,25.0,
7,75.0,
8,28.0,
9,25.0,
10,25.0,
11,25.0,
12,66.0,
13,25.0,
14,25.0,
15,25.0,
16,25.0,
17,25.0,
18,25.0,
19,25.0,
20,25.0,
21,25.0,
22,25.0,
23,26.0,
24,26.0,
