Expected_Cost_our,Expected_Discomfort_our,
1.58061678164,4.08826906166,
Actual_Cost_our,Actual_Discomfort_our,
1.58081584783,4.09561809462,
Expected_Cost_Du,Expected_Discomfort_Du,
2.58854204077,1.87562053065,
Actual_Cost_Du,Actual_Discomfort_Du,
2.58854204077,1.87562053065,
Actual_Cost_Apt,Actual_Discomfort_Apt,
2.63646190135,0.697217473979,
Run Time,0.240000009537,
optimality gap,0.01,
index,T_set_our,
1,26.0,
2,51.0,
3,75.0,
4,25.0,
5,75.0,
6,25.0,
7,25.0,
8,25.0,
9,25.0,
10,56.0,
11,25.0,
12,25.0,
13,25.0,
14,34.0,
15,33.0,
16,25.0,
17,25.0,
18,25.0,
19,25.0,
20,25.0,
21,25.0,
22,25.0,
23,25.0,
24,25.0,
