Expected_Cost_our,Expected_Discomfort_our,
1.7476604874,3.71014856163,
Actual_Cost_our,Actual_Discomfort_our,
1.75573220665,3.64489533296,
Expected_Cost_Du,Expected_Discomfort_Du,
2.81408341381,0.0,
Actual_Cost_Du,Actual_Discomfort_Du,
2.81408341381,0.0,
Actual_Cost_Apt,Actual_Discomfort_Apt,
2.67457117453,0.0,
Run Time,0.1859998703,
optimality gap,0.01,
index,T_set_our,
1,25.0,
2,25.0,
3,25.0,
4,51.0,
5,25.0,
6,75.0,
7,25.0,
8,25.0,
9,37.0,
10,25.0,
11,39.0,
12,44.0,
13,36.0,
14,25.0,
15,25.0,
16,25.0,
17,25.0,
18,26.0,
19,25.0,
20,25.0,
21,25.0,
22,25.0,
23,25.0,
24,25.0,
