Expected_Cost_our,Expected_Discomfort_our,
0.70398012948,0.0581031223999,
Actual_Cost_our,Actual_Discomfort_our,
0.704681956854,0.059125596607,
Expected_Cost_Du,Expected_Discomfort_Du,
0.820692580897,0.0,
Actual_Cost_Du,Actual_Discomfort_Du,
0.820692580897,0.0,
Actual_Cost_Apt,Actual_Discomfort_Apt,
1.01580463036,1e-07,
Run Time,0.18700003624,
optimality gap,0.01,
index,T_set_our,
1,25.0,
2,25.0,
3,75.0,
4,75.0,
5,31.0,
6,25.0,
7,25.0,
8,25.0,
9,25.0,
10,25.0,
11,25.0,
12,25.0,
13,25.0,
14,25.0,
15,25.0,
16,61.0,
17,25.0,
18,25.0,
19,25.0,
20,25.0,
21,25.0,
22,25.0,
23,25.0,
24,25.0,
