Expected_Cost_our,Expected_Discomfort_our,
0.562718014669,1.41902653673,
Actual_Cost_our,Actual_Discomfort_our,
0.562889203597,1.42181295232,
Expected_Cost_Du,Expected_Discomfort_Du,
1.42416531089,0.0,
Actual_Cost_Du,Actual_Discomfort_Du,
1.42416531089,0.0,
Actual_Cost_Apt,Actual_Discomfort_Apt,
1.1118279492,1e-07,
Run Time,0.170000076294,
optimality gap,0.01,
index,T_set_our,
1,25.0,
2,25.0,
3,25.0,
4,50.0,
5,25.0,
6,25.0,
7,47.0,
8,25.0,
9,25.0,
10,25.0,
11,25.0,
12,25.0,
13,25.0,
14,25.0,
15,25.0,
16,25.0,
17,25.0,
18,25.0,
19,25.0,
20,25.0,
21,25.0,
22,25.0,
23,25.0,
24,25.0,
