Expected_Cost_our,Expected_Discomfort_our,
1.49540746366,6.20910582494,
Actual_Cost_our,Actual_Discomfort_our,
1.32849357727,7.78479800644,
Expected_Cost_Du,Expected_Discomfort_Du,
2.67784238605,0.0,
Actual_Cost_Du,Actual_Discomfort_Du,
2.67784238605,0.0,
Actual_Cost_Apt,Actual_Discomfort_Apt,
2.41207318835,1.39781187762,
Run Time,0.194000005722,
optimality gap,0.01,
index,T_set_our,
1,25.0,
2,25.0,
3,25.0,
4,50.0,
5,75.0,
6,25.0,
7,25.0,
8,25.0,
9,25.0,
10,25.0,
11,25.0,
12,75.0,
13,25.0,
14,25.0,
15,27.0,
16,25.0,
17,28.0,
18,25.0,
19,25.0,
20,25.0,
21,25.0,
22,25.0,
23,25.0,
24,25.0,
