Expected_Cost_our,Expected_Discomfort_our,
0.860769525299,2.10167916925,
Actual_Cost_our,Actual_Discomfort_our,
0.871971878317,2.01606858857,
Expected_Cost_Du,Expected_Discomfort_Du,
1.89747970185,0.0,
Actual_Cost_Du,Actual_Discomfort_Du,
1.89747970185,0.0,
Actual_Cost_Apt,Actual_Discomfort_Apt,
1.74493639418,1e-07,
Run Time,0.207000017166,
optimality gap,0.01,
index,T_set_our,
1,25.0,
2,25.0,
3,50.0,
4,51.0,
5,75.0,
6,25.0,
7,25.0,
8,25.0,
9,25.0,
10,25.0,
11,32.0,
12,25.0,
13,25.0,
14,25.0,
15,33.0,
16,30.0,
17,25.0,
18,25.0,
19,25.0,
20,25.0,
21,25.0,
22,25.0,
23,25.0,
24,25.0,
