Expected_Cost_our,Expected_Discomfort_our,
1.24089330911,2.46899870896,
Actual_Cost_our,Actual_Discomfort_our,
1.24094847395,2.47378591469,
Expected_Cost_Du,Expected_Discomfort_Du,
2.64519580727,0.0,
Actual_Cost_Du,Actual_Discomfort_Du,
2.64519580727,0.0,
Actual_Cost_Apt,Actual_Discomfort_Apt,
2.67113291798,1e-07,
Run Time,0.173000097275,
optimality gap,0.01,
index,T_set_our,
1,25.0,
2,25.0,
3,27.0,
4,65.0,
5,75.0,
6,25.0,
7,75.0,
8,25.0,
9,25.0,
10,25.0,
11,25.0,
12,54.0,
13,25.0,
14,25.0,
15,48.0,
16,25.0,
17,25.0,
18,25.0,
19,25.0,
20,25.0,
21,25.0,
22,25.0,
23,25.0,
24,25.0,
