Expected_Cost_our,Expected_Discomfort_our,
0.984796826187,0.867964533141,
Actual_Cost_our,Actual_Discomfort_our,
0.984005924508,0.872219816982,
Expected_Cost_Du,Expected_Discomfort_Du,
1.92986552863,0.0,
Actual_Cost_Du,Actual_Discomfort_Du,
1.92986552863,0.0,
Actual_Cost_Apt,Actual_Discomfort_Apt,
1.96370283485,1e-07,
Run Time,0.217000007629,
optimality gap,0.01,
index,T_set_our,
1,25.0,
2,25.0,
3,25.0,
4,25.0,
5,30.0,
6,25.0,
7,25.0,
8,25.0,
9,25.0,
10,50.0,
11,75.0,
12,47.0,
13,25.0,
14,25.0,
15,25.0,
16,25.0,
17,25.0,
18,25.0,
19,25.0,
20,25.0,
21,25.0,
22,25.0,
23,25.0,
24,25.0,
