Expected_Cost_our,Expected_Discomfort_our,
1.35724319254,3.46651632074,
Actual_Cost_our,Actual_Discomfort_our,
1.36204762855,3.43551617923,
Expected_Cost_Du,Expected_Discomfort_Du,
2.18308160426,0.0,
Actual_Cost_Du,Actual_Discomfort_Du,
2.18308160426,0.0,
Actual_Cost_Apt,Actual_Discomfort_Apt,
2.5450269767,0.598920719518,
Run Time,0.194999933243,
optimality gap,0.01,
index,T_set_our,
1,25.0,
2,25.0,
3,26.0,
4,25.0,
5,50.0,
6,75.0,
7,74.0,
8,25.0,
9,25.0,
10,25.0,
11,25.0,
12,25.0,
13,63.0,
14,25.0,
15,25.0,
16,25.0,
17,52.0,
18,25.0,
19,25.0,
20,25.0,
21,25.0,
22,25.0,
23,25.0,
24,25.0,
