Expected_Cost_our,Expected_Discomfort_our,
2.00118148664,9.06603953907,
Actual_Cost_our,Actual_Discomfort_our,
2.03374319161,8.7911928917,
Expected_Cost_Du,Expected_Discomfort_Du,
3.79922782019,4.52413516446,
Actual_Cost_Du,Actual_Discomfort_Du,
3.79922782019,4.52413516446,
Actual_Cost_Apt,Actual_Discomfort_Apt,
3.55246992087,0.890852333111,
Run Time,0.217000007629,
optimality gap,0.01,
index,T_set_our,
1,25.0,
2,25.0,
3,25.0,
4,75.0,
5,53.0,
6,53.0,
7,25.0,
8,25.0,
9,25.0,
10,25.0,
11,25.0,
12,25.0,
13,31.0,
14,25.0,
15,25.0,
16,25.0,
17,25.0,
18,25.0,
19,25.0,
20,25.0,
21,25.0,
22,25.0,
23,25.0,
24,25.0,
