Expected_Cost_our,Expected_Discomfort_our,
1.66237213686,8.1847342659,
Actual_Cost_our,Actual_Discomfort_our,
1.69591419724,7.91682632563,
Expected_Cost_Du,Expected_Discomfort_Du,
3.16730817185,0.0,
Actual_Cost_Du,Actual_Discomfort_Du,
3.16730817185,0.0,
Actual_Cost_Apt,Actual_Discomfort_Apt,
3.30916993425,0.438141067076,
Run Time,0.180999994278,
optimality gap,0.01,
index,T_set_our,
1,28.0,
2,26.0,
3,26.0,
4,26.0,
5,26.0,
6,26.0,
7,39.0,
8,25.0,
9,25.0,
10,25.0,
11,25.0,
12,25.0,
13,25.0,
14,25.0,
15,29.0,
16,25.0,
17,25.0,
18,25.0,
19,25.0,
20,28.0,
21,25.0,
22,25.0,
23,25.0,
24,25.0,
