Expected_Cost_our,Expected_Discomfort_our,
1.55130642644,2.99013631296,
Actual_Cost_our,Actual_Discomfort_our,
1.5556876699,2.9609290991,
Expected_Cost_Du,Expected_Discomfort_Du,
2.56473770862,2.89305716756,
Actual_Cost_Du,Actual_Discomfort_Du,
2.56473770862,2.89305716756,
Actual_Cost_Apt,Actual_Discomfort_Apt,
2.2323963493,1.8730313927,
Run Time,0.250999927521,
optimality gap,0.01,
index,T_set_our,
1,25.0,
2,25.0,
3,25.0,
4,50.0,
5,75.0,
6,75.0,
7,75.0,
8,25.0,
9,25.0,
10,25.0,
11,25.0,
12,25.0,
13,25.0,
14,25.0,
15,75.0,
16,75.0,
17,25.0,
18,25.0,
19,67.0,
20,25.0,
21,25.0,
22,26.0,
23,25.0,
24,25.0,
