Expected_Cost_our,Expected_Discomfort_our,
2.53220352431,10.1269583579,
Actual_Cost_our,Actual_Discomfort_our,
2.44472638343,10.899279487,
Expected_Cost_Du,Expected_Discomfort_Du,
4.31931095648,3.64913047785,
Actual_Cost_Du,Actual_Discomfort_Du,
4.31931095648,3.64913047785,
Actual_Cost_Apt,Actual_Discomfort_Apt,
4.10930174732,1.51107868796,
Run Time,0.245000123978,
optimality gap,0.01,
index,T_set_our,
1,25.0,
2,25.0,
3,25.0,
4,50.0,
5,74.0,
6,25.0,
7,25.0,
8,25.0,
9,25.0,
10,25.0,
11,25.0,
12,25.0,
13,25.0,
14,25.0,
15,25.0,
16,28.0,
17,25.0,
18,25.0,
19,25.0,
20,25.0,
21,25.0,
22,25.0,
23,25.0,
24,25.0,
