Expected_Cost_our,Expected_Discomfort_our,
0.456714813438,0.0,
Actual_Cost_our,Actual_Discomfort_our,
0.457088735244,1e-07,
Expected_Cost_Du,Expected_Discomfort_Du,
1.00918305197,0.368262435592,
Actual_Cost_Du,Actual_Discomfort_Du,
1.00918305197,0.368262435592,
Actual_Cost_Apt,Actual_Discomfort_Apt,
0.638899415828,3e-07,
Run Time,0.164999961853,
optimality gap,0.01,
index,T_set_our,
1,25.0,
2,25.0,
3,25.0,
4,65.0,
5,75.0,
6,25.0,
7,25.0,
8,25.0,
9,25.0,
10,25.0,
11,40.0,
12,40.0,
13,40.0,
14,58.0,
15,25.0,
16,75.0,
17,25.0,
18,25.0,
19,25.0,
20,25.0,
21,25.0,
22,25.0,
23,25.0,
24,40.0,
