Expected_Cost_our,Expected_Discomfort_our,
1.83307375471,5.90939701511,
Actual_Cost_our,Actual_Discomfort_our,
1.83447110103,5.90541365141,
Expected_Cost_Du,Expected_Discomfort_Du,
2.88764716686,0.0,
Actual_Cost_Du,Actual_Discomfort_Du,
2.88764716686,0.0,
Actual_Cost_Apt,Actual_Discomfort_Apt,
3.54876417892,1e-07,
Run Time,0.166000127792,
optimality gap,0.01,
index,T_set_our,
1,25.0,
2,25.0,
3,25.0,
4,50.0,
5,25.0,
6,25.0,
7,25.0,
8,25.0,
9,46.0,
10,25.0,
11,27.0,
12,25.0,
13,25.0,
14,54.0,
15,52.0,
16,25.0,
17,25.0,
18,25.0,
19,25.0,
20,25.0,
21,25.0,
22,25.0,
23,25.0,
24,25.0,
