Expected_Cost_our,Expected_Discomfort_our,
0.819764932777,0.975067998279,
Actual_Cost_our,Actual_Discomfort_our,
0.820835933912,0.978786889912,
Expected_Cost_Du,Expected_Discomfort_Du,
1.57305273159,0.0,
Actual_Cost_Du,Actual_Discomfort_Du,
1.57305273159,0.0,
Actual_Cost_Apt,Actual_Discomfort_Apt,
1.75935677719,2e-07,
Run Time,0.166000127792,
optimality gap,0.01,
index,T_set_our,
1,25.0,
2,50.0,
3,25.0,
4,25.0,
5,25.0,
6,25.0,
7,25.0,
8,25.0,
9,25.0,
10,25.0,
11,25.0,
12,25.0,
13,54.0,
14,25.0,
15,25.0,
16,25.0,
17,25.0,
18,25.0,
19,25.0,
20,25.0,
21,25.0,
22,25.0,
23,25.0,
24,26.0,
