Expected_Cost_our,Expected_Discomfort_our,
1.03791129591,1.4307923428,
Actual_Cost_our,Actual_Discomfort_our,
1.03615648274,1.45721861194,
Expected_Cost_Du,Expected_Discomfort_Du,
2.16403082256,0.0,
Actual_Cost_Du,Actual_Discomfort_Du,
2.16403082256,0.0,
Actual_Cost_Apt,Actual_Discomfort_Apt,
2.03778820593,1e-07,
Run Time,0.203999996185,
optimality gap,0.01,
index,T_set_our,
1,25.0,
2,25.0,
3,25.0,
4,50.0,
5,75.0,
6,25.0,
7,25.0,
8,25.0,
9,56.0,
10,25.0,
11,33.0,
12,46.0,
13,46.0,
14,25.0,
15,25.0,
16,25.0,
17,25.0,
18,25.0,
19,25.0,
20,25.0,
21,25.0,
22,25.0,
23,25.0,
24,25.0,
