Expected_Cost_our,Expected_Discomfort_our,
0.605588492537,0.035339369914,
Actual_Cost_our,Actual_Discomfort_our,
0.606102257666,0.035727375094,
Expected_Cost_Du,Expected_Discomfort_Du,
0.775619608251,0.0,
Actual_Cost_Du,Actual_Discomfort_Du,
0.775619608251,0.0,
Actual_Cost_Apt,Actual_Discomfort_Apt,
0.86701918984,0.0,
Run Time,0.178999900818,
optimality gap,0.01,
index,T_set_our,
1,25.0,
2,25.0,
3,25.0,
4,75.0,
5,64.0,
6,75.0,
7,25.0,
8,25.0,
9,25.0,
10,25.0,
11,25.0,
12,25.0,
13,25.0,
14,25.0,
15,25.0,
16,71.0,
17,67.0,
18,25.0,
19,25.0,
20,25.0,
21,25.0,
22,25.0,
23,25.0,
24,25.0,
