Expected_Cost_our,Expected_Discomfort_our,
0.821460609922,1.35316268458,
Actual_Cost_our,Actual_Discomfort_our,
0.820237034427,1.37139723673,
Expected_Cost_Du,Expected_Discomfort_Du,
1.60868251019,0.0,
Actual_Cost_Du,Actual_Discomfort_Du,
1.60868251019,0.0,
Actual_Cost_Apt,Actual_Discomfort_Apt,
1.59356982906,0.0,
Run Time,0.190999984741,
optimality gap,0.01,
index,T_set_our,
1,25.0,
2,25.0,
3,25.0,
4,25.0,
5,25.0,
6,48.0,
7,25.0,
8,25.0,
9,25.0,
10,25.0,
11,25.0,
12,25.0,
13,67.0,
14,57.0,
15,25.0,
16,25.0,
17,25.0,
18,25.0,
19,33.0,
20,25.0,
21,25.0,
22,25.0,
23,25.0,
24,25.0,
