Expected_Cost_our,Expected_Discomfort_our,
0.493885953551,0.00572851102097,
Actual_Cost_our,Actual_Discomfort_our,
0.494055359796,0.00586945738594,
Expected_Cost_Du,Expected_Discomfort_Du,
0.607265431824,0.0,
Actual_Cost_Du,Actual_Discomfort_Du,
0.607265431824,0.0,
Actual_Cost_Apt,Actual_Discomfort_Apt,
0.705605827257,2e-07,
Run Time,0.182999849319,
optimality gap,0.01,
index,T_set_our,
1,25.0,
2,60.0,
3,25.0,
4,25.0,
5,75.0,
6,25.0,
7,75.0,
8,25.0,
9,69.0,
10,44.0,
11,39.0,
12,25.0,
13,51.0,
14,25.0,
15,73.0,
16,25.0,
17,25.0,
18,25.0,
19,25.0,
20,25.0,
21,25.0,
22,25.0,
23,25.0,
24,25.0,
