Expected_Cost_our,Expected_Discomfort_our,
0.910365430944,1.9915746793,
Actual_Cost_our,Actual_Discomfort_our,
0.906552021305,2.02116470361,
Expected_Cost_Du,Expected_Discomfort_Du,
2.01429605946,0.0,
Actual_Cost_Du,Actual_Discomfort_Du,
2.01429605946,0.0,
Actual_Cost_Apt,Actual_Discomfort_Apt,
1.9947254985,1e-07,
Run Time,0.209000110626,
optimality gap,0.01,
index,T_set_our,
1,25.0,
2,26.0,
3,25.0,
4,75.0,
5,75.0,
6,75.0,
7,75.0,
8,25.0,
9,75.0,
10,25.0,
11,75.0,
12,25.0,
13,25.0,
14,72.0,
15,25.0,
16,25.0,
17,25.0,
18,48.0,
19,25.0,
20,28.0,
21,25.0,
22,25.0,
23,25.0,
24,25.0,
