Expected_Cost_our,Expected_Discomfort_our,
1.01149761803,0.302538576673,
Actual_Cost_our,Actual_Discomfort_our,
0.987627784778,0.3890274375,
Expected_Cost_Du,Expected_Discomfort_Du,
1.20408639189,0.0,
Actual_Cost_Du,Actual_Discomfort_Du,
1.20408639189,0.0,
Actual_Cost_Apt,Actual_Discomfort_Apt,
1.30332868995,2e-07,
Run Time,0.18700003624,
optimality gap,0.01,
index,T_set_our,
1,25.0,
2,25.0,
3,25.0,
4,61.0,
5,75.0,
6,25.0,
7,25.0,
8,43.0,
9,25.0,
10,25.0,
11,75.0,
12,75.0,
13,25.0,
14,25.0,
15,25.0,
16,25.0,
17,66.0,
18,25.0,
19,25.0,
20,25.0,
21,25.0,
22,25.0,
23,37.0,
24,25.0,
