Expected_Cost_our,Expected_Discomfort_our,
0.313731561947,0.216105166563,
Actual_Cost_our,Actual_Discomfort_our,
0.313903176426,0.217213945044,
Expected_Cost_Du,Expected_Discomfort_Du,
0.437552160129,0.0,
Actual_Cost_Du,Actual_Discomfort_Du,
0.437552160129,0.0,
Actual_Cost_Apt,Actual_Discomfort_Apt,
0.718948695136,1e-07,
Run Time,0.210999965668,
optimality gap,0.01,
index,T_set_our,
1,40.0,
2,25.0,
3,65.0,
4,75.0,
5,75.0,
6,75.0,
7,25.0,
8,25.0,
9,25.0,
10,25.0,
11,25.0,
12,25.0,
13,25.0,
14,75.0,
15,25.0,
16,25.0,
17,25.0,
18,25.0,
19,25.0,
20,25.0,
21,25.0,
22,25.0,
23,25.0,
24,25.0,
