Expected_Cost_our,Expected_Discomfort_our,
1.77606767826,2.33474646495,
Actual_Cost_our,Actual_Discomfort_our,
1.65403163632,3.26483279092,
Expected_Cost_Du,Expected_Discomfort_Du,
2.95337664592,0.0,
Actual_Cost_Du,Actual_Discomfort_Du,
2.95337664592,0.0,
Actual_Cost_Apt,Actual_Discomfort_Apt,
2.79562691498,0.73724667474,
Run Time,0.179000139236,
optimality gap,0.01,
index,T_set_our,
1,25.0,
2,25.0,
3,75.0,
4,75.0,
5,75.0,
6,75.0,
7,25.0,
8,25.0,
9,25.0,
10,25.0,
11,25.0,
12,60.999999998,
13,72.0,
14,69.0,
15,74.0,
16,75.0,
17,75.0,
18,25.0,
19,25.0,
20,25.0,
21,25.0,
22,25.0,
23,25.0,
24,25.0,
