Expected_Cost_our,Expected_Discomfort_our,
0.709236223193,1.89472991701,
Actual_Cost_our,Actual_Discomfort_our,
0.543594727168,3.08625533013,
Expected_Cost_Du,Expected_Discomfort_Du,
1.79622433718,0.0,
Actual_Cost_Du,Actual_Discomfort_Du,
1.79622433718,0.0,
Actual_Cost_Apt,Actual_Discomfort_Apt,
1.45197993495,0.314789523723,
Run Time,0.174000024796,
optimality gap,0.01,
index,T_set_our,
1,25.0,
2,25.0,
3,25.0,
4,51.0,
5,51.0,
6,75.0,
7,75.0,
8,57.0,
9,25.0,
10,25.0,
11,25.0,
12,70.0,
13,25.0,
14,25.0,
15,25.0,
16,25.0,
17,25.0,
18,25.0,
19,25.0,
20,25.0,
21,25.0,
22,25.0,
23,25.0,
24,25.0,
