Expected_Cost_our,Expected_Discomfort_our,
1.56778525009,7.79263833253,
Actual_Cost_our,Actual_Discomfort_our,
1.48237611458,8.59199476132,
Expected_Cost_Du,Expected_Discomfort_Du,
2.7866093496,0.0,
Actual_Cost_Du,Actual_Discomfort_Du,
2.7866093496,0.0,
Actual_Cost_Apt,Actual_Discomfort_Apt,
2.91927134619,4e-07,
Run Time,0.213999986649,
optimality gap,0.01,
index,T_set_our,
1,25.0,
2,40.0,
3,40.0,
4,75.0,
5,75.0,
6,45.0,
7,75.0,
8,25.0,
9,25.0,
10,25.0,
11,25.0,
12,45.0,
13,36.0,
14,25.0,
15,25.0,
16,50.0,
17,25.0,
18,25.0,
19,25.0,
20,25.0,
21,25.0,
22,25.0,
23,25.0,
24,25.0,
