Expected_Cost_our,Expected_Discomfort_our,
0.436398297919,2.11732499577,
Actual_Cost_our,Actual_Discomfort_our,
0.438847013983,2.10366317027,
Expected_Cost_Du,Expected_Discomfort_Du,
1.2322745176,0.0,
Actual_Cost_Du,Actual_Discomfort_Du,
1.2322745176,0.0,
Actual_Cost_Apt,Actual_Discomfort_Apt,
1.22952111189,1e-07,
Run Time,0.231999874115,
optimality gap,0.01,
index,T_set_our,
1,25.0,
2,25.0,
3,27.0,
4,52.0,
5,75.0,
6,58.0,
7,40.0,
8,40.0,
9,40.0,
10,40.0,
11,40.0,
12,75.0,
13,40.0,
14,58.0,
15,56.0,
16,40.0,
17,40.0,
18,40.0,
19,40.0,
20,25.0,
21,25.0,
22,25.0,
23,25.0,
24,25.0,
