Expected_Cost_our,Expected_Discomfort_our,
0.274314163103,0.641218800864,
Actual_Cost_our,Actual_Discomfort_our,
0.274399975584,0.644291790794,
Expected_Cost_Du,Expected_Discomfort_Du,
1.40443398954,0.0,
Actual_Cost_Du,Actual_Discomfort_Du,
1.40443398954,0.0,
Actual_Cost_Apt,Actual_Discomfort_Apt,
0.8862898826,2e-07,
Run Time,0.200000047684,
optimality gap,0.01,
index,T_set_our,
1,25.0,
2,25.0,
3,25.0,
4,25.0,
5,51.0,
6,75.0,
7,25.0,
8,25.0,
9,25.0,
10,39.0,
11,25.0,
12,25.0,
13,25.0,
14,34.0,
15,25.0,
16,30.0,
17,25.0,
18,25.0,
19,25.0,
20,25.0,
21,25.0,
22,25.0,
23,25.0,
24,25.0,
