Expected_Cost_our,Expected_Discomfort_our,
2.6886656843,4.17319380753,
Actual_Cost_our,Actual_Discomfort_our,
2.70509367508,4.06654800704,
Expected_Cost_Du,Expected_Discomfort_Du,
3.86231408342,0.547524135904,
Actual_Cost_Du,Actual_Discomfort_Du,
3.86231408342,0.547524135904,
Actual_Cost_Apt,Actual_Discomfort_Apt,
4.05364118736,0.440637073987,
Run Time,0.264999866486,
optimality gap,0.01,
index,T_set_our,
1,25.0,
2,25.0,
3,27.0,
4,52.0,
5,75.0,
6,75.0,
7,25.0,
8,71.0,
9,25.0,
10,25.0,
11,30.0,
12,35.0,
13,45.0,
14,75.0,
15,60.0,
16,48.0,
17,48.0,
18,25.0,
19,25.0,
20,25.0,
21,25.0,
22,25.0,
23,25.0,
24,25.0,
