Expected_Cost_our,Expected_Discomfort_our,
0.699315753831,0.789650439065,
Actual_Cost_our,Actual_Discomfort_our,
0.697679726126,0.793933715111,
Expected_Cost_Du,Expected_Discomfort_Du,
1.15741057988,0.0,
Actual_Cost_Du,Actual_Discomfort_Du,
1.15741057988,0.0,
Actual_Cost_Apt,Actual_Discomfort_Apt,
1.36519295075,3e-07,
Run Time,0.250999927521,
optimality gap,0.01,
index,T_set_our,
1,25.0,
2,40.0,
3,51.0,
4,75.0,
5,75.0,
6,75.0,
7,25.0,
8,25.0,
9,25.0,
10,40.0,
11,40.0,
12,55.0,
13,55.0,
14,55.0,
15,25.0,
16,25.0,
17,25.0,
18,25.0,
19,25.0,
20,25.0,
21,25.0,
22,25.0,
23,25.0,
24,25.0,
