Expected_Cost_our,Expected_Discomfort_our,
0.263712057107,0.046782419305,
Actual_Cost_our,Actual_Discomfort_our,
0.263727883984,0.0477311503488,
Expected_Cost_Du,Expected_Discomfort_Du,
0.359985619888,0.0,
Actual_Cost_Du,Actual_Discomfort_Du,
0.359985619888,0.0,
Actual_Cost_Apt,Actual_Discomfort_Apt,
0.504804272478,2e-07,
Run Time,0.263999938965,
optimality gap,0.01,
index,T_set_our,
1,25.0,
2,40.0,
3,50.0,
4,75.0,
5,75.0,
6,75.0,
7,25.0,
8,25.0,
9,25.0,
10,25.0,
11,25.0,
12,25.0,
13,25.0,
14,25.0,
15,25.0,
16,25.0,
17,25.0,
18,25.0,
19,25.0,
20,25.0,
21,25.0,
22,25.0,
23,25.0,
24,25.0,
