Expected_Cost_our,Expected_Discomfort_our,
0.715601154583,1.95064242004,
Actual_Cost_our,Actual_Discomfort_our,
0.71056589368,2.00873962035,
Expected_Cost_Du,Expected_Discomfort_Du,
1.58790015412,0.0,
Actual_Cost_Du,Actual_Discomfort_Du,
1.58790015412,0.0,
Actual_Cost_Apt,Actual_Discomfort_Apt,
1.52229453178,0.118206644793,
Run Time,0.210000038147,
optimality gap,0.01,
index,T_set_our,
1,25.0,
2,25.0,
3,26.0,
4,51.0,
5,75.0,
6,25.0,
7,25.0,
8,25.0,
9,25.0,
10,25.0,
11,51.0,
12,75.0,
13,25.0,
14,75.0,
15,25.0,
16,75.0,
17,25.0,
18,56.0,
19,31.0,
20,34.0,
21,25.0,
22,25.0,
23,25.0,
24,25.0,
