Expected_Cost_our,Expected_Discomfort_our,
0.993095598566,2.28840347074,
Actual_Cost_our,Actual_Discomfort_our,
0.99322822463,2.28944687686,
Expected_Cost_Du,Expected_Discomfort_Du,
1.27779981555,1.64696226723,
Actual_Cost_Du,Actual_Discomfort_Du,
1.27779981555,1.64696226723,
Actual_Cost_Apt,Actual_Discomfort_Apt,
1.42697150229,0.675282218749,
Run Time,0.211999893188,
optimality gap,0.01,
index,T_set_our,
1,25.0,
2,25.0,
3,25.0,
4,25.0,
5,51.0,
6,25.0,
7,75.0,
8,44.0,
9,25.0,
10,39.0,
11,42.0,
12,25.0,
13,75.0,
14,75.0,
15,60.0,
16,25.0,
17,25.0,
18,25.0,
19,25.0,
20,25.0,
21,25.0,
22,25.0,
23,25.0,
24,25.0,
