Expected_Cost_our,Expected_Discomfort_our,
1.28858453423,1.16912173898,
Actual_Cost_our,Actual_Discomfort_our,
1.28744580883,1.17593272982,
Expected_Cost_Du,Expected_Discomfort_Du,
2.05380372935,0.0,
Actual_Cost_Du,Actual_Discomfort_Du,
2.05380372935,0.0,
Actual_Cost_Apt,Actual_Discomfort_Apt,
1.90474941867,0.00546927231856,
Run Time,0.249000072479,
optimality gap,0.01,
index,T_set_our,
1,25.0,
2,25.0,
3,26.0,
4,75.0,
5,75.0,
6,75.0,
7,75.0,
8,75.0,
9,70.0,
10,25.0,
11,25.0,
12,25.0,
13,60.0,
14,51.9999999646,
15,25.0,
16,25.0,
17,25.0,
18,25.0,
19,25.0,
20,25.0,
21,25.0,
22,25.0,
23,25.0,
24,25.0,
