Expected_Cost_our,Expected_Discomfort_our,
1.43384325365,4.36591784605,
Actual_Cost_our,Actual_Discomfort_our,
1.47206806856,4.18742914227,
Expected_Cost_Du,Expected_Discomfort_Du,
2.2613390238,4.02689954053,
Actual_Cost_Du,Actual_Discomfort_Du,
2.2613390238,4.02689954053,
Actual_Cost_Apt,Actual_Discomfort_Apt,
2.10505677827,1.96930021923,
Run Time,0.218000173569,
optimality gap,0.01,
index,T_set_our,
1,25.0,
2,25.0,
3,75.0,
4,75.0,
5,75.0,
6,25.0,
7,50.0,
8,25.0,
9,25.0,
10,25.0,
11,25.0,
12,25.0,
13,25.0,
14,25.0,
15,51.0,
16,25.0,
17,75.0,
18,75.0,
19,75.0,
20,55.0,
21,25.0,
22,25.0,
23,25.0,
24,25.0,
