Expected_Cost_our,Expected_Discomfort_our,
0.925142452156,1.32648340157,
Actual_Cost_our,Actual_Discomfort_our,
0.965987286372,1.00050018658,
Expected_Cost_Du,Expected_Discomfort_Du,
1.70743118714,0.0,
Actual_Cost_Du,Actual_Discomfort_Du,
1.70743118714,0.0,
Actual_Cost_Apt,Actual_Discomfort_Apt,
1.65314017064,1e-07,
Run Time,0.156999826431,
optimality gap,0.01,
index,T_set_our,
1,25.0,
2,25.0,
3,25.0,
4,25.0,
5,25.0,
6,25.0,
7,25.0,
8,25.0,
9,25.0,
10,25.0,
11,32.0,
12,25.0,
13,25.0,
14,50.0,
15,59.0,
16,25.0,
17,25.0,
18,25.0,
19,25.0,
20,25.0,
21,25.0,
22,25.0,
23,25.0,
24,25.0,
