Expected_Cost_our,Expected_Discomfort_our,
0.962534325914,1.7883164711,
Actual_Cost_our,Actual_Discomfort_our,
0.957322217767,1.85109776037,
Expected_Cost_Du,Expected_Discomfort_Du,
1.14318567227,0.0,
Actual_Cost_Du,Actual_Discomfort_Du,
1.14318567227,0.0,
Actual_Cost_Apt,Actual_Discomfort_Apt,
1.21470733765,0.0640751980008,
Run Time,0.156000137329,
optimality gap,0.01,
index,T_set_our,
1,25.0,
2,25.0,
3,25.0,
4,51.0,
5,25.0,
6,75.0,
7,25.0,
8,25.0,
9,28.0,
10,29.0,
11,25.0,
12,75.0,
13,47.0,
14,55.0,
15,25.0,
16,54.0,
17,25.0,
18,25.0,
19,25.0,
20,54.0,
21,25.0,
22,53.0,
23,25.0,
24,25.0,
