Expected_Cost_our,Expected_Discomfort_our,
1.74296497151,2.80577742967,
Actual_Cost_our,Actual_Discomfort_our,
1.74478699778,2.80624664776,
Expected_Cost_Du,Expected_Discomfort_Du,
2.06396351175,0.0,
Actual_Cost_Du,Actual_Discomfort_Du,
2.06396351175,0.0,
Actual_Cost_Apt,Actual_Discomfort_Apt,
2.62028697954,1e-07,
Run Time,0.159999847412,
optimality gap,0.01,
index,T_set_our,
1,25.0,
2,25.0,
3,25.0,
4,25.0,
5,75.0,
6,75.0,
7,25.0,
8,26.0,
9,25.0,
10,25.0,
11,25.0,
12,25.0,
13,25.0,
14,25.0,
15,75.0,
16,25.0,
17,25.0,
18,25.0,
19,25.0,
20,25.0,
21,26.0,
22,25.0,
23,25.0,
24,39.0,
