Expected_Cost_our,Expected_Discomfort_our,
0.833639683184,1.97134606014,
Actual_Cost_our,Actual_Discomfort_our,
0.975526963503,0.431017169607,
Expected_Cost_Du,Expected_Discomfort_Du,
1.6006176876,1.29883996654,
Actual_Cost_Du,Actual_Discomfort_Du,
1.6006176876,1.29883996654,
Actual_Cost_Apt,Actual_Discomfort_Apt,
1.582399586,0.63878779924,
Run Time,0.15499997139,
optimality gap,0.01,
index,T_set_our,
1,25.0,
2,25.0,
3,25.0,
4,75.0,
5,71.0,
6,75.0,
7,31.0,
8,28.0,
9,26.0,
10,25.0,
11,25.0,
12,25.0,
13,25.0,
14,25.0,
15,25.0,
16,33.0,
17,25.0,
18,25.0,
19,25.0,
20,25.0,
21,25.0,
22,25.0,
23,25.0,
24,25.0,
