Expected_Cost_our,Expected_Discomfort_our,
2.66104337293,13.2122115043,
Actual_Cost_our,Actual_Discomfort_our,
2.668816149,13.1629725215,
Expected_Cost_Du,Expected_Discomfort_Du,
5.42942471888,27.9180949901,
Actual_Cost_Du,Actual_Discomfort_Du,
5.42942471888,27.9180949901,
Actual_Cost_Apt,Actual_Discomfort_Apt,
3.77701563733,10.4726730687,
Run Time,0.168999910355,
optimality gap,0.01,
index,T_set_our,
1,25.0,
2,25.0,
3,41.0,
4,75.0,
5,72.0,
6,75.0,
7,75.0,
8,25.0,
9,35.0,
10,65.0,
11,25.0,
12,25.0,
13,25.0,
14,28.0,
15,25.0,
16,25.0,
17,30.0,
18,25.0,
19,25.0,
20,29.0,
21,29.0,
22,25.0,
23,25.0,
24,25.0,
