Expected_Cost_our,Expected_Discomfort_our,
0.590248601038,0.944361486909,
Actual_Cost_our,Actual_Discomfort_our,
0.567571245105,1.08112575588,
Expected_Cost_Du,Expected_Discomfort_Du,
1.16217555378,0.0,
Actual_Cost_Du,Actual_Discomfort_Du,
1.16217555378,0.0,
Actual_Cost_Apt,Actual_Discomfort_Apt,
1.16554203548,0.0,
Run Time,0.447000026703,
optimality gap,0.01,
index,T_set_our,
1,25.0,
2,25.0,
3,27.0,
4,51.0,
5,75.0,
6,75.0,
7,25.0,
8,25.0,
9,25.0,
10,25.0,
11,25.0,
12,25.0,
13,60.999999999,
14,25.0,
15,25.0,
16,25.0,
17,25.0,
18,25.0,
19,25.0,
20,25.0,
21,25.0,
22,25.0,
23,25.0,
24,25.0,
