Expected_Cost_our,Expected_Discomfort_our,
0.699989599405,1.01125541462,
Actual_Cost_our,Actual_Discomfort_our,
0.700368046928,1.01666753151,
Expected_Cost_Du,Expected_Discomfort_Du,
1.35148726161,0.0,
Actual_Cost_Du,Actual_Discomfort_Du,
1.35148726161,0.0,
Actual_Cost_Apt,Actual_Discomfort_Apt,
1.29932966,1e-07,
Run Time,0.199999809265,
optimality gap,0.01,
index,T_set_our,
1,25.0,
2,25.0,
3,27.0,
4,75.0,
5,75.0,
6,75.0,
7,25.0,
8,25.0,
9,25.0,
10,25.0,
11,25.0,
12,75.0,
13,25.0,
14,71.0,
15,25.0,
16,51.0,
17,25.0,
18,25.0,
19,25.0,
20,25.0,
21,25.0,
22,25.0,
23,25.0,
24,25.0,
