Expected_Cost_our,Expected_Discomfort_our,
0.681859034115,3.72677591562,
Actual_Cost_our,Actual_Discomfort_our,
0.643303765428,4.1368581916,
Expected_Cost_Du,Expected_Discomfort_Du,
1.54523159811,0.0,
Actual_Cost_Du,Actual_Discomfort_Du,
1.54523159811,0.0,
Actual_Cost_Apt,Actual_Discomfort_Apt,
1.57219679221,0.218824489408,
Run Time,0.243999958038,
optimality gap,0.01,
index,T_set_our,
1,25.0,
2,25.0,
3,25.0,
4,25.0,
5,46.0,
6,46.0,
7,25.0,
8,45.0,
9,69.0,
10,25.0,
11,25.0,
12,75.0,
13,75.0,
14,25.0,
15,25.0,
16,25.0,
17,73.0,
18,25.0,
19,25.0,
20,25.0,
21,25.0,
22,25.0,
23,25.0,
24,25.0,
