Expected_Cost_our,Expected_Discomfort_our,
1.48570832406,4.77763810531,
Actual_Cost_our,Actual_Discomfort_our,
1.46282285144,4.95136536248,
Expected_Cost_Du,Expected_Discomfort_Du,
2.61718156901,0.0,
Actual_Cost_Du,Actual_Discomfort_Du,
2.61718156901,0.0,
Actual_Cost_Apt,Actual_Discomfort_Apt,
2.80510658602,4e-07,
Run Time,0.259999990463,
optimality gap,0.01,
index,T_set_our,
1,25.0,
2,25.0,
3,27.0,
4,51.0,
5,75.0,
6,75.0,
7,25.0,
8,75.0,
9,25.0,
10,25.0,
11,25.0,
12,25.0,
13,30.0,
14,25.0,
15,25.0,
16,49.0,
17,52.0,
18,25.0,
19,25.0,
20,25.0,
21,25.0,
22,25.0,
23,25.0,
24,25.0,
