Expected_Cost_our,Expected_Discomfort_our,
1.27496551306,3.64085175315,
Actual_Cost_our,Actual_Discomfort_our,
1.27547020011,3.64085197742,
Expected_Cost_Du,Expected_Discomfort_Du,
1.81118784558,3.4382642856,
Actual_Cost_Du,Actual_Discomfort_Du,
1.81118784558,3.4382642856,
Actual_Cost_Apt,Actual_Discomfort_Apt,
1.67040477143,1.52505544769,
Run Time,0.226000070572,
optimality gap,0.01,
index,T_set_our,
1,25.0,
2,25.0,
3,25.0,
4,75.0,
5,25.0,
6,25.0,
7,25.0,
8,27.0,
9,25.0,
10,25.0,
11,25.0,
12,50.0,
13,71.0,
14,25.0,
15,75.0,
16,75.0,
17,25.0,
18,25.0,
19,25.0,
20,25.0,
21,25.0,
22,25.0,
23,25.0,
24,25.0,
