Expected_Cost_our,Expected_Discomfort_our,
1.71029087357,3.80630879308,
Actual_Cost_our,Actual_Discomfort_our,
1.71086881438,3.80631581682,
Expected_Cost_Du,Expected_Discomfort_Du,
2.77458977674,4.8923095215,
Actual_Cost_Du,Actual_Discomfort_Du,
2.77458977674,4.8923095215,
Actual_Cost_Apt,Actual_Discomfort_Apt,
2.38505111394,2.39802174781,
Run Time,0.205000162125,
optimality gap,0.01,
index,T_set_our,
1,25.0,
2,25.0,
3,75.0,
4,75.0,
5,75.0,
6,33.0,
7,75.0,
8,75.0,
9,75.0,
10,25.0,
11,55.0,
12,25.0,
13,68.0,
14,75.0,
15,25.0,
16,75.0,
17,27.0,
18,25.0,
19,25.0,
20,25.0,
21,26.0,
22,25.0,
23,25.0,
24,26.0,
