Expected_Cost_our,Expected_Discomfort_our,
2.60537574867,3.49524751381,
Actual_Cost_our,Actual_Discomfort_our,
2.59877958377,3.56871672733,
Expected_Cost_Du,Expected_Discomfort_Du,
3.71615893346,4.15204647767,
Actual_Cost_Du,Actual_Discomfort_Du,
3.71615893346,4.15204647767,
Actual_Cost_Apt,Actual_Discomfort_Apt,
3.28606720757,2.9354529202,
Run Time,0.213999986649,
optimality gap,0.01,
index,T_set_our,
1,25.0,
2,25.0,
3,50.0,
4,75.0,
5,75.0,
6,25.0,
7,35.0,
8,25.0,
9,27.0,
10,25.0,
11,39.0,
12,58.0,
13,75.0,
14,75.0,
15,75.0,
16,69.0,
17,52.0,
18,25.0,
19,39.0,
20,37.0,
21,25.0,
22,25.0,
23,25.0,
24,25.0,
