Expected_Cost_our,Expected_Discomfort_our,
1.00194197711,1.08225649927,
Actual_Cost_our,Actual_Discomfort_our,
1.01411419681,0.956051845426,
Expected_Cost_Du,Expected_Discomfort_Du,
1.67835552813,0.0341631988912,
Actual_Cost_Du,Actual_Discomfort_Du,
1.67835552813,0.0341631988912,
Actual_Cost_Apt,Actual_Discomfort_Apt,
1.63049171567,1e-07,
Run Time,0.171000003815,
optimality gap,0.01,
index,T_set_our,
1,25.0,
2,25.0,
3,27.0,
4,51.0,
5,75.0,
6,75.0,
7,75.0,
8,75.0,
9,75.0,
10,75.0,
11,40.0,
12,35.0,
13,35.0,
14,25.0,
15,25.0,
16,34.0,
17,25.0,
18,25.0,
19,34.0,
20,25.0,
21,25.0,
22,25.0,
23,25.0,
24,25.0,
