Expected_Cost_our,Expected_Discomfort_our,
1.74115451696,3.46427695442,
Actual_Cost_our,Actual_Discomfort_our,
1.85916630789,3.0328613863,
Expected_Cost_Du,Expected_Discomfort_Du,
2.58941309517,0.116435358201,
Actual_Cost_Du,Actual_Discomfort_Du,
2.58941309517,0.116435358201,
Actual_Cost_Apt,Actual_Discomfort_Apt,
2.51557529563,2e-07,
Run Time,0.167000055313,
optimality gap,0.01,
index,T_set_our,
1,25.0,
2,25.0,
3,49.0,
4,70.0,
5,75.0,
6,75.0,
7,75.0,
8,75.0,
9,75.0,
10,25.0,
11,25.0,
12,75.0,
13,50.0,
14,75.0,
15,26.0,
16,69.0,
17,25.0,
18,25.0,
19,25.0,
20,25.0,
21,25.0,
22,25.0,
23,25.0,
24,25.0,
