Expected_Cost_our,Expected_Discomfort_our,
1.38757170074,2.41169289505,
Actual_Cost_our,Actual_Discomfort_our,
1.38835233681,2.41120554856,
Expected_Cost_Du,Expected_Discomfort_Du,
2.15013778906,0.0,
Actual_Cost_Du,Actual_Discomfort_Du,
2.15013778906,0.0,
Actual_Cost_Apt,Actual_Discomfort_Apt,
2.21479529656,3e-07,
Run Time,0.192999839783,
optimality gap,0.01,
index,T_set_our,
1,25.0,
2,25.0,
3,25.0,
4,27.0,
5,51.0,
6,75.0,
7,74.0,
8,25.0,
9,25.0,
10,25.0,
11,25.0,
12,48.0,
13,75.0,
14,75.0,
15,44.0,
16,25.0,
17,25.0,
18,25.0,
19,25.0,
20,25.0,
21,25.0,
22,25.0,
23,25.0,
24,25.0,
