Expected_Cost_our,Expected_Discomfort_our,
1.74086195372,2.29638282622,
Actual_Cost_our,Actual_Discomfort_our,
1.611872626,2.82561207569,
Expected_Cost_Du,Expected_Discomfort_Du,
2.14959908682,0.0,
Actual_Cost_Du,Actual_Discomfort_Du,
2.14959908682,0.0,
Actual_Cost_Apt,Actual_Discomfort_Apt,
2.45671529346,2e-07,
Run Time,0.325000047684,
optimality gap,0.01,
index,T_set_our,
1,25.0,
2,25.0,
3,25.0,
4,25.0,
5,25.0,
6,56.0,
7,25.0,
8,53.0,
9,25.0,
10,25.0,
11,25.0,
12,26.0,
13,75.0,
14,75.0,
15,56.0,
16,25.0,
17,25.0,
18,25.0,
19,25.0,
20,25.0,
21,53.0,
22,25.0,
23,53.0,
24,25.0,
