Expected_Cost_our,Expected_Discomfort_our,
1.26821784169,1.61070076889,
Actual_Cost_our,Actual_Discomfort_our,
1.25452297801,1.68304389906,
Expected_Cost_Du,Expected_Discomfort_Du,
1.85771460455,0.0,
Actual_Cost_Du,Actual_Discomfort_Du,
1.85771460455,0.0,
Actual_Cost_Apt,Actual_Discomfort_Apt,
1.95474451268,2e-07,
Run Time,0.171000003815,
optimality gap,0.01,
index,T_set_our,
1,26.0,
2,26.0,
3,27.0,
4,51.0,
5,75.0,
6,75.0,
7,75.0,
8,75.0,
9,74.0,
10,51.0,
11,25.0,
12,56.0,
13,75.0,
14,73.0,
15,25.0,
16,25.0,
17,25.0,
18,25.0,
19,25.0,
20,25.0,
21,52.0,
22,25.0,
23,26.0,
24,25.0,
