Expected_Cost_our,Expected_Discomfort_our,
0.52915938187,1.05148435294,
Actual_Cost_our,Actual_Discomfort_our,
0.516209024746,1.14191654559,
Expected_Cost_Du,Expected_Discomfort_Du,
0.91235672103,0.0,
Actual_Cost_Du,Actual_Discomfort_Du,
0.91235672103,0.0,
Actual_Cost_Apt,Actual_Discomfort_Apt,
0.956283248649,0.0,
Run Time,0.203000068665,
optimality gap,0.01,
index,T_set_our,
1,25.0,
2,25.0,
3,49.0,
4,72.0,
5,75.0,
6,75.0,
7,41.0,
8,25.0,
9,25.0,
10,25.0,
11,73.0,
12,25.0,
13,25.0,
14,25.0,
15,25.0,
16,25.0,
17,25.0,
18,25.0,
19,25.0,
20,35.0,
21,25.0,
22,25.0,
23,25.0,
24,25.0,
