Expected_Cost_our,Expected_Discomfort_our,
1.5159500736,1.11126687575,
Actual_Cost_our,Actual_Discomfort_our,
1.50813158133,1.13057451904,
Expected_Cost_Du,Expected_Discomfort_Du,
2.29139770266,0.0,
Actual_Cost_Du,Actual_Discomfort_Du,
2.29139770266,0.0,
Actual_Cost_Apt,Actual_Discomfort_Apt,
2.06438824326,0.601232969405,
Run Time,0.207999944687,
optimality gap,0.01,
index,T_set_our,
1,25.0,
2,25.0,
3,40.0,
4,75.0,
5,65.0,
6,65.0,
7,75.0,
8,25.0,
9,25.0,
10,25.0,
11,75.0,
12,25.0,
13,65.0,
14,62.0,
15,25.0,
16,75.0,
17,75.0,
18,75.0,
19,65.0,
20,40.0,
21,33.0000000059,
22,25.0000000059,
23,25.0,
24,25.0,
