Expected_Cost_our,Expected_Discomfort_our,
0.678007533633,0.00939152056938,
Actual_Cost_our,Actual_Discomfort_our,
0.678156789075,0.0107671174474,
Expected_Cost_Du,Expected_Discomfort_Du,
0.690195781811,0.0,
Actual_Cost_Du,Actual_Discomfort_Du,
0.690195781811,0.0,
Actual_Cost_Apt,Actual_Discomfort_Apt,
0.808260635497,2e-07,
Run Time,0.171000003815,
optimality gap,0.01,
index,T_set_our,
1,25.0,
2,25.0,
3,25.0,
4,40.0,
5,25.0,
6,75.0,
7,25.0,
8,67.0,
9,25.0,
10,25.0,
11,75.0,
12,41.0,
13,48.0,
14,73.0,
15,25.0,
16,25.0,
17,25.0,
18,25.0,
19,25.0,
20,25.0,
21,25.0,
22,25.0,
23,25.0,
24,25.0,
