Expected_Cost_our,Expected_Discomfort_our,
1.2748708184,1.8387906228,
Actual_Cost_our,Actual_Discomfort_our,
1.27541122409,1.83879093507,
Expected_Cost_Du,Expected_Discomfort_Du,
1.83486525395,0.0,
Actual_Cost_Du,Actual_Discomfort_Du,
1.83486525395,0.0,
Actual_Cost_Apt,Actual_Discomfort_Apt,
1.55395320458,1.90268987599,
Run Time,0.197999954224,
optimality gap,0.01,
index,T_set_our,
1,25.0,
2,25.0,
3,75.0,
4,75.0,
5,75.0,
6,75.0,
7,25.0,
8,25.0,
9,74.0,
10,25.0,
11,57.0,
12,59.0,
13,75.0,
14,53.0,
15,25.0,
16,25.0,
17,25.0,
18,25.0,
19,25.0,
20,25.0,
21,25.0,
22,25.0,
23,25.0,
24,25.0,
