Expected_Cost_our,Expected_Discomfort_our,
0.403721897959,0.934096831947,
Actual_Cost_our,Actual_Discomfort_our,
0.397695299987,0.916931461361,
Expected_Cost_Du,Expected_Discomfort_Du,
0.766744253035,0.0,
Actual_Cost_Du,Actual_Discomfort_Du,
0.766744253035,0.0,
Actual_Cost_Apt,Actual_Discomfort_Apt,
1.00677510801,1e-07,
Run Time,0.267999887466,
optimality gap,0.01,
index,T_set_our,
1,25.0,
2,25.0,
3,40.0,
4,25.0,
5,25.0,
6,25.0,
7,65.0,
8,75.0,
9,74.0,
10,25.0,
11,25.0,
12,69.0,
13,75.0,
14,75.0,
15,75.0,
16,74.0,
17,25.0,
18,25.0,
19,25.0,
20,25.0,
21,25.0,
22,25.0,
23,25.0,
24,25.0,
