Expected_Cost_our,Expected_Discomfort_our,
0.689283977027,0.861137137115,
Actual_Cost_our,Actual_Discomfort_our,
0.689496639761,0.862527646447,
Expected_Cost_Du,Expected_Discomfort_Du,
1.02570600645,0.0,
Actual_Cost_Du,Actual_Discomfort_Du,
1.02570600645,0.0,
Actual_Cost_Apt,Actual_Discomfort_Apt,
1.01401334686,1e-07,
Run Time,0.239000082016,
optimality gap,0.01,
index,T_set_our,
1,25.0,
2,40.0,
3,75.0,
4,75.0,
5,45.0,
6,75.0,
7,75.0,
8,25.0,
9,25.0,
10,25.0,
11,32.0,
12,52.0,
13,25.0,
14,75.0,
15,25.0,
16,73.0,
17,25.0,
18,25.0,
19,25.0,
20,25.0,
21,25.0,
22,25.0,
23,25.0,
24,25.0,
