Expected_Cost_our,Expected_Discomfort_our,
0.405146143132,0.601411826338,
Actual_Cost_our,Actual_Discomfort_our,
0.405296360202,0.603214945326,
Expected_Cost_Du,Expected_Discomfort_Du,
0.549836361251,0.0,
Actual_Cost_Du,Actual_Discomfort_Du,
0.549836361251,0.0,
Actual_Cost_Apt,Actual_Discomfort_Apt,
0.597447496942,1e-07,
Run Time,0.251999855042,
optimality gap,0.01,
index,T_set_our,
1,39.0,
2,38.0,
3,51.0,
4,75.0,
5,75.0,
6,75.0,
7,75.0,
8,25.0,
9,70.0,
10,25.0,
11,25.0,
12,25.0,
13,75.0,
14,75.0,
15,75.0,
16,25.0,
17,25.0,
18,25.0,
19,48.0,
20,25.0,
21,25.0,
22,25.0,
23,25.0,
24,25.0,
