Expected_Cost_our,Expected_Discomfort_our,
0.466163740276,0.977378477931,
Actual_Cost_our,Actual_Discomfort_our,
0.462835714282,0.979738664121,
Expected_Cost_Du,Expected_Discomfort_Du,
1.0384670453,0.0,
Actual_Cost_Du,Actual_Discomfort_Du,
1.0384670453,0.0,
Actual_Cost_Apt,Actual_Discomfort_Apt,
0.956084854074,2e-07,
Run Time,0.1859998703,
optimality gap,0.01,
index,T_set_our,
1,25.0,
2,25.0,
3,25.0,
4,75.0,
5,75.0,
6,51.0,
7,25.0,
8,25.0,
9,25.0,
10,25.0,
11,25.0,
12,25.0,
13,75.0,
14,75.0,
15,25.0,
16,75.0,
17,25.0,
18,25.0,
19,25.0,
20,25.0,
21,41.0,
22,25.0,
23,25.0,
24,25.0,
