Expected_Cost_our,Expected_Discomfort_our,
1.55043143136,3.46895638453,
Actual_Cost_our,Actual_Discomfort_our,
1.61129206237,3.00581528303,
Expected_Cost_Du,Expected_Discomfort_Du,
2.81869683374,0.0437128305651,
Actual_Cost_Du,Actual_Discomfort_Du,
2.81869683374,0.0437128305651,
Actual_Cost_Apt,Actual_Discomfort_Apt,
2.65579304876,0.0,
Run Time,0.172999858856,
optimality gap,0.01,
index,T_set_our,
1,25.0,
2,25.0,
3,25.0,
4,25.0,
5,25.0,
6,46.0,
7,25.0,
8,28.0,
9,25.0,
10,25.0,
11,25.0,
12,30.0,
13,25.0,
14,25.0,
15,25.0,
16,50.0,
17,25.0,
18,25.0,
19,25.0,
20,25.0,
21,25.0,
22,25.0,
23,25.0,
24,25.0,
