Expected_Cost_our,Expected_Discomfort_our,
0.368837177767,0.800823965218,
Actual_Cost_our,Actual_Discomfort_our,
0.363226284217,0.81940815448,
Expected_Cost_Du,Expected_Discomfort_Du,
0.944186421639,0.0,
Actual_Cost_Du,Actual_Discomfort_Du,
0.944186421639,0.0,
Actual_Cost_Apt,Actual_Discomfort_Apt,
0.850221704607,1e-07,
Run Time,0.218999862671,
optimality gap,0.01,
index,T_set_our,
1,25.0,
2,25.0,
3,25.0,
4,51.0,
5,51.0,
6,75.0,
7,75.0,
8,54.0,
9,51.0,
10,67.0,
11,67.0,
12,47.0,
13,70.0,
14,45.0,
15,45.0,
16,45.0,
17,40.0,
18,40.0,
19,42.0,
20,42.0,
21,25.0,
22,25.0,
23,25.0,
24,25.0,
