Expected_Cost_our,Expected_Discomfort_our,
0.591165021696,0.854477265421,
Actual_Cost_our,Actual_Discomfort_our,
0.589397875936,0.889089208278,
Expected_Cost_Du,Expected_Discomfort_Du,
1.14496707945,0.0,
Actual_Cost_Du,Actual_Discomfort_Du,
1.14496707945,0.0,
Actual_Cost_Apt,Actual_Discomfort_Apt,
1.04940936377,1e-07,
Run Time,0.19000005722,
optimality gap,0.01,
index,T_set_our,
1,26.0,
2,26.0,
3,51.0,
4,75.0,
5,75.0,
6,29.0,
7,75.0,
8,25.0,
9,25.0,
10,25.0,
11,25.0,
12,25.0,
13,69.0,
14,25.0,
15,25.0,
16,25.0,
17,25.0,
18,25.0,
19,25.0,
20,25.0,
21,25.0,
22,25.0,
23,25.0,
24,26.0,
