Expected_Cost_our,Expected_Discomfort_our,
3.21198091321,0.6061775721,
Actual_Cost_our,Actual_Discomfort_our,
3.21234692108,0.608189266801,
Expected_Cost_Du,Expected_Discomfort_Du,
3.31913451071,3.07851839459,
Actual_Cost_Du,Actual_Discomfort_Du,
3.31913451071,3.07851839459,
Actual_Cost_Apt,Actual_Discomfort_Apt,
3.4875122349,0.748378679833,
Run Time,0.162999868393,
optimality gap,0.01,
index,T_set_our,
1,25.0,
2,25.0,
3,75.0,
4,75.0,
5,27.0,
6,74.0,
7,68.0,
8,48.0,
9,25.0,
10,25.0,
11,40.0,
12,40.0,
13,64.0,
14,33.0,
15,75.0,
16,72.0,
17,34.0,
18,25.0,
19,25.0,
20,25.0,
21,63.0,
22,25.0,
23,40.0,
24,25.0,
