Expected_Cost_our,Expected_Discomfort_our,
2.19878885673,0.0161766733902,
Actual_Cost_our,Actual_Discomfort_our,
2.19937893201,0.0162236087612,
Expected_Cost_Du,Expected_Discomfort_Du,
2.29705970724,0.0,
Actual_Cost_Du,Actual_Discomfort_Du,
2.29705970724,0.0,
Actual_Cost_Apt,Actual_Discomfort_Apt,
2.63121385723,4e-07,
Run Time,0.158999919891,
optimality gap,0.01,
index,T_set_our,
1,25.0,
2,25.0,
3,25.0,
4,75.0,
5,25.0,
6,75.0,
7,25.0,
8,35.0,
9,30.0,
10,38.0,
11,58.0,
12,40.0,
13,40.0,
14,40.0,
15,61.0,
16,75.0,
17,75.0,
18,25.0,
19,50.0,
20,25.0,
21,65.0,
22,41.0,
23,25.0,
24,25.0,
