Expected_Cost_our,Expected_Discomfort_our,
0.538191243453,0.0099591389623,
Actual_Cost_our,Actual_Discomfort_our,
0.538712748814,0.0101421546719,
Expected_Cost_Du,Expected_Discomfort_Du,
0.546064167734,0.0,
Actual_Cost_Du,Actual_Discomfort_Du,
0.546064167734,0.0,
Actual_Cost_Apt,Actual_Discomfort_Apt,
0.976963598526,1e-07,
Run Time,0.213999986649,
optimality gap,0.01,
index,T_set_our,
1,25.0,
2,25.0,
3,36.0,
4,75.0,
5,25.0,
6,75.0,
7,29.0,
8,25.0,
9,25.0,
10,25.0,
11,25.0,
12,25.0,
13,69.0,
14,25.0,
15,25.0,
16,25.0,
17,25.0,
18,25.0,
19,25.0,
20,25.0,
21,25.0,
22,25.0,
23,25.0,
24,25.0,
