Expected_Cost_our,Expected_Discomfort_our,
1.23779071462,0.705169836825,
Actual_Cost_our,Actual_Discomfort_our,
1.23085229724,0.811057763763,
Expected_Cost_Du,Expected_Discomfort_Du,
1.35543533712,0.0,
Actual_Cost_Du,Actual_Discomfort_Du,
1.35543533712,0.0,
Actual_Cost_Apt,Actual_Discomfort_Apt,
1.55841718347,0.0,
Run Time,0.19000005722,
optimality gap,0.01,
index,T_set_our,
1,25.0,
2,25.0,
3,25.0,
4,65.0,
5,25.0,
6,75.0,
7,26.0,
8,25.0,
9,25.0,
10,25.0,
11,25.0,
12,25.0,
13,25.0,
14,74.0,
15,25.0,
16,25.0,
17,25.0,
18,25.0,
19,25.0,
20,25.0,
21,25.0,
22,25.0,
23,56.0,
24,25.0,
