Expected_Cost_our,Expected_Discomfort_our,
1.36451803185,0.678902699414,
Actual_Cost_our,Actual_Discomfort_our,
1.36520650747,0.680636899931,
Expected_Cost_Du,Expected_Discomfort_Du,
1.50619487327,0.0,
Actual_Cost_Du,Actual_Discomfort_Du,
1.50619487327,0.0,
Actual_Cost_Apt,Actual_Discomfort_Apt,
1.83177040127,2e-07,
Run Time,0.203999996185,
optimality gap,0.01,
index,T_set_our,
1,25.0,
2,25.0,
3,75.0,
4,75.0,
5,25.0,
6,25.0,
7,25.0,
8,25.0,
9,25.0,
10,25.0,
11,25.0,
12,74.0,
13,75.0,
14,28.0,
15,35.0,
16,28.0,
17,25.0,
18,25.0,
19,25.0,
20,55.0,
21,43.0,
22,25.0,
23,25.0,
24,25.0,
