Expected_Cost_our,Expected_Discomfort_our,
2.84196568159,10.403419767,
Actual_Cost_our,Actual_Discomfort_our,
3.3082938812,6.87436590662,
Expected_Cost_Du,Expected_Discomfort_Du,
4.24127799956,7.44443021761,
Actual_Cost_Du,Actual_Discomfort_Du,
4.24127799956,7.44443021761,
Actual_Cost_Apt,Actual_Discomfort_Apt,
4.32709917726,3.10907454784,
Run Time,0.176999807358,
optimality gap,0.01,
index,T_set_our,
1,25.0,
2,25.0,
3,25.0,
4,59.0,
5,25.0,
6,25.0,
7,75.0,
8,25.0,
9,25.0,
10,25.0,
11,25.0,
12,25.0,
13,25.0,
14,75.0,
15,25.0,
16,25.0,
17,25.0,
18,25.0,
19,27.0,
20,25.0,
21,25.0,
22,25.0,
23,25.0,
24,36.0,
