Expected_Cost_our,Expected_Discomfort_our,
0.789541878174,0.69846516225,
Actual_Cost_our,Actual_Discomfort_our,
0.790081501999,0.698640692052,
Expected_Cost_Du,Expected_Discomfort_Du,
1.3213668997,0.0,
Actual_Cost_Du,Actual_Discomfort_Du,
1.3213668997,0.0,
Actual_Cost_Apt,Actual_Discomfort_Apt,
1.22985077549,0.0,
Run Time,0.216000080109,
optimality gap,0.01,
index,T_set_our,
1,25.0,
2,25.0,
3,26.0,
4,50.0,
5,75.0,
6,75.0,
7,25.0,
8,75.0,
9,25.0,
10,25.0,
11,40.0,
12,25.0,
13,25.0,
14,35.0,
15,35.0,
16,33.0,
17,33.0,
18,25.0,
19,25.0,
20,25.0,
21,25.0,
22,25.0,
23,25.0,
24,25.0,
