Expected_Cost_our,Expected_Discomfort_our,
0.900857157102,0.0856120521368,
Actual_Cost_our,Actual_Discomfort_our,
0.901307841429,0.0859017853146,
Expected_Cost_Du,Expected_Discomfort_Du,
1.22763029976,0.0,
Actual_Cost_Du,Actual_Discomfort_Du,
1.22763029976,0.0,
Actual_Cost_Apt,Actual_Discomfort_Apt,
1.1272469794,0.0,
Run Time,0.179999828339,
optimality gap,0.01,
index,T_set_our,
1,25.0,
2,25.0,
3,25.0,
4,51.0,
5,75.0,
6,75.0,
7,75.0,
8,75.0,
9,75.0,
10,25.0,
11,25.0,
12,25.0,
13,52.0,
14,50.0,
15,75.0,
16,31.0,
17,40.0,
18,25.0,
19,25.0,
20,25.0,
21,25.0,
22,25.0,
23,25.0,
24,25.0,
