Expected_Cost_our,Expected_Discomfort_our,
1.6532951633,0.303955806277,
Actual_Cost_our,Actual_Discomfort_our,
1.65405994778,0.304445160802,
Expected_Cost_Du,Expected_Discomfort_Du,
1.98829141107,0.0,
Actual_Cost_Du,Actual_Discomfort_Du,
1.98829141107,0.0,
Actual_Cost_Apt,Actual_Discomfort_Apt,
1.76358825336,1.52125303408,
Run Time,0.220999956131,
optimality gap,0.01,
index,T_set_our,
1,25.0,
2,25.0,
3,25.0,
4,25.0,
5,65.0,
6,75.0,
7,51.0,
8,54.0,
9,25.0,
10,25.0,
11,25.0,
12,25.0,
13,60.0,
14,75.0,
15,49.0,
16,25.0,
17,26.0,
18,25.0,
19,25.0,
20,25.0,
21,25.0,
22,25.0,
23,40.0,
24,25.0,
