Expected_Cost_our,Expected_Discomfort_our,
1.71512885743,2.66557486498,
Actual_Cost_our,Actual_Discomfort_our,
1.71541553762,2.66624687473,
Expected_Cost_Du,Expected_Discomfort_Du,
2.32859479444,3.31792619135,
Actual_Cost_Du,Actual_Discomfort_Du,
2.32859479444,3.31792619135,
Actual_Cost_Apt,Actual_Discomfort_Apt,
2.31636120469,1.38260279322,
Run Time,0.200000047684,
optimality gap,0.01,
index,T_set_our,
1,25.0,
2,25.0,
3,48.0,
4,75.0,
5,75.0,
6,25.0,
7,25.0,
8,25.0,
9,25.0,
10,25.0,
11,43.0,
12,75.0,
13,75.0,
14,75.0,
15,75.0,
16,75.0,
17,75.0,
18,75.0,
19,53.0,
20,25.0,
21,51.0,
22,40.0,
23,25.0,
24,25.0,
