Expected_Cost_our,Expected_Discomfort_our,
2.08853207183,2.76812138727,
Actual_Cost_our,Actual_Discomfort_our,
2.09684807351,2.66468587792,
Expected_Cost_Du,Expected_Discomfort_Du,
2.88483821072,4.41159961949,
Actual_Cost_Du,Actual_Discomfort_Du,
2.88483821072,4.41159961949,
Actual_Cost_Apt,Actual_Discomfort_Apt,
2.52107055027,3.14008498003,
Run Time,0.177999973297,
optimality gap,0.01,
index,T_set_our,
1,26.0,
2,26.0,
3,26.0,
4,50.0,
5,25.0,
6,25.0,
7,25.0,
8,25.0,
9,25.0,
10,40.0,
11,53.0,
12,75.0,
13,75.0,
14,68.0,
15,75.0,
16,75.0,
17,50.0,
18,62.0,
19,25.0,
20,27.0,
21,26.0,
22,25.0,
23,25.0,
24,26.0,
