Expected_Cost_our,Expected_Discomfort_our,
1.3618208747,2.42109331151,
Actual_Cost_our,Actual_Discomfort_our,
1.36276887016,2.42109352764,
Expected_Cost_Du,Expected_Discomfort_Du,
1.82284717726,0.224138827117,
Actual_Cost_Du,Actual_Discomfort_Du,
1.82284717726,0.224138827117,
Actual_Cost_Apt,Actual_Discomfort_Apt,
1.60771196103,1.02357872105,
Run Time,0.375,
optimality gap,0.01,
index,T_set_our,
1,50.0,
2,25.0,
3,25.0,
4,74.0,
5,25.0,
6,25.0,
7,75.0,
8,25.0,
9,25.0,
10,25.0,
11,25.0,
12,25.0,
13,25.0,
14,75.0,
15,75.0,
16,25.0,
17,25.0,
18,25.0,
19,53.0,
20,25.0,
21,25.0,
22,25.0,
23,25.0,
24,25.0,
