Expected_Cost_our,Expected_Discomfort_our,
0.8097539966,1.31222567411,
Actual_Cost_our,Actual_Discomfort_our,
0.810151660747,1.29514922356,
Expected_Cost_Du,Expected_Discomfort_Du,
1.17291794747,0.0,
Actual_Cost_Du,Actual_Discomfort_Du,
1.17291794747,0.0,
Actual_Cost_Apt,Actual_Discomfort_Apt,
1.18974576275,0.723711337554,
Run Time,0.229000091553,
optimality gap,0.01,
index,T_set_our,
1,25.0,
2,50.0,
3,49.0,
4,52.0,
5,75.0,
6,75.0,
7,75.0,
8,25.0,
9,74.0,
10,75.0,
11,75.0,
12,25.0,
13,55.0,
14,25.0,
15,75.0,
16,75.0,
17,75.0,
18,75.0,
19,36.0,
20,25.0,
21,25.0,
22,25.0,
23,25.0,
24,25.0,
