Expected_Cost_our,Expected_Discomfort_our,
1.43516164614,0.898626251764,
Actual_Cost_our,Actual_Discomfort_our,
1.43411713791,0.905738722745,
Expected_Cost_Du,Expected_Discomfort_Du,
1.66772744203,4.66940593155,
Actual_Cost_Du,Actual_Discomfort_Du,
1.66772744203,4.66940593155,
Actual_Cost_Apt,Actual_Discomfort_Apt,
1.68280492616,2.33307522262,
Run Time,0.242000102997,
optimality gap,0.01,
index,T_set_our,
1,25.0,
2,25.0,
3,25.0,
4,59.0,
5,50.0,
6,25.0,
7,75.0,
8,40.0,
9,25.0,
10,25.0,
11,39.0,
12,75.0,
13,25.0,
14,62.0,
15,75.0,
16,75.0,
17,60.0,
18,75.0,
19,75.0,
20,40.0,
21,37.0,
22,25.0,
23,25.0,
24,37.0,
