Expected_Cost_our,Expected_Discomfort_our,
1.84319606778,1.6127430017,
Actual_Cost_our,Actual_Discomfort_our,
1.84366551742,1.61274341492,
Expected_Cost_Du,Expected_Discomfort_Du,
2.44260983862,0.0,
Actual_Cost_Du,Actual_Discomfort_Du,
2.44260983862,0.0,
Actual_Cost_Apt,Actual_Discomfort_Apt,
2.11491369531,2.83057415776,
Run Time,0.184000015259,
optimality gap,0.01,
index,T_set_our,
1,26.0,
2,26.0,
3,75.0,
4,75.0,
5,66.0,
6,75.0,
7,60.0,
8,75.0,
9,75.0,
10,25.0,
11,25.0,
12,25.0,
13,75.0,
14,25.0,
15,75.0,
16,51.0,
17,25.0,
18,25.0,
19,25.0,
20,25.0,
21,40.0,
22,75.0,
23,51.0,
24,28.0,
