Expected_Cost_our,Expected_Discomfort_our,
0.896275507052,0.809279655402,
Actual_Cost_our,Actual_Discomfort_our,
0.895443140511,0.826510477482,
Expected_Cost_Du,Expected_Discomfort_Du,
1.68232831905,0.0,
Actual_Cost_Du,Actual_Discomfort_Du,
1.68232831905,0.0,
Actual_Cost_Apt,Actual_Discomfort_Apt,
1.31538965947,0.0,
Run Time,0.174999952316,
optimality gap,0.01,
index,T_set_our,
1,25.0,
2,25.0,
3,25.0,
4,52.0,
5,75.0,
6,75.0,
7,75.0,
8,75.0,
9,74.0,
10,55.0,
11,75.0,
12,75.0,
13,75.0,
14,25.0,
15,25.0,
16,25.0,
17,25.0,
18,25.0,
19,25.0,
20,25.0,
21,33.0,
22,27.0,
23,27.0,
24,25.0,
