Expected_Cost_our,Expected_Discomfort_our,
1.07509997407,1.08655007553,
Actual_Cost_our,Actual_Discomfort_our,
1.14620220802,0.276939247817,
Expected_Cost_Du,Expected_Discomfort_Du,
1.68346575775,0.0,
Actual_Cost_Du,Actual_Discomfort_Du,
1.68346575775,0.0,
Actual_Cost_Apt,Actual_Discomfort_Apt,
1.78875916924,1e-07,
Run Time,0.200999975204,
optimality gap,0.01,
index,T_set_our,
1,25.0,
2,25.0,
3,25.0,
4,74.0,
5,25.0,
6,75.0,
7,25.0,
8,25.0,
9,25.0,
10,70.0,
11,25.0,
12,25.0,
13,25.0,
14,75.0,
15,50.0,
16,75.0,
17,75.0,
18,25.0,
19,25.0,
20,25.0,
21,25.0,
22,25.0,
23,30.0,
24,25.0,
