Expected_Cost_our,Expected_Discomfort_our,
0.671954143426,0.193490756134,
Actual_Cost_our,Actual_Discomfort_our,
0.672491973877,0.194957878153,
Expected_Cost_Du,Expected_Discomfort_Du,
0.913329406696,0.0,
Actual_Cost_Du,Actual_Discomfort_Du,
0.913329406696,0.0,
Actual_Cost_Apt,Actual_Discomfort_Apt,
1.01501165129,0.0,
Run Time,0.155999898911,
optimality gap,0.01,
index,T_set_our,
1,25.0,
2,25.0,
3,25.0,
4,25.0,
5,59.0,
6,75.0,
7,35.0,
8,25.0,
9,25.0,
10,25.0,
11,25.0,
12,25.0,
13,75.0,
14,25.0,
15,25.0,
16,25.0,
17,25.0,
18,25.0,
19,25.0,
20,25.0,
21,25.0,
22,25.0,
23,25.0,
24,25.0,
