Expected_Cost_our,Expected_Discomfort_our,
0.880448787524,1.34472244441,
Actual_Cost_our,Actual_Discomfort_our,
0.868110656965,1.36471619397,
Expected_Cost_Du,Expected_Discomfort_Du,
1.24896046552,0.0,
Actual_Cost_Du,Actual_Discomfort_Du,
1.24896046552,0.0,
Actual_Cost_Apt,Actual_Discomfort_Apt,
1.359691756,0.13743451692,
Run Time,0.234000205994,
optimality gap,0.01,
index,T_set_our,
1,26.0,
2,26.0,
3,26.0,
4,51.0,
5,75.0,
6,25.0,
7,25.0,
8,25.0,
9,25.0,
10,25.0,
11,25.0,
12,25.0,
13,54.0,
14,75.0,
15,75.0,
16,75.0,
17,25.0,
18,25.0,
19,25.0,
20,25.0,
21,25.0,
22,25.0,
23,31.0,
24,25.0,
