Expected_Cost_our,Expected_Discomfort_our,
0.89882480706,2.9131580966,
Actual_Cost_our,Actual_Discomfort_our,
0.898795274993,2.92231615525,
Expected_Cost_Du,Expected_Discomfort_Du,
1.6150251398,6.10190141109,
Actual_Cost_Du,Actual_Discomfort_Du,
1.6150251398,6.10190141109,
Actual_Cost_Apt,Actual_Discomfort_Apt,
1.07431028082,5.96759969309,
Run Time,0.188999891281,
optimality gap,0.01,
index,T_set_our,
1,25.0,
2,25.0,
3,75.0,
4,71.0,
5,75.0,
6,75.0,
7,75.0,
8,73.0,
9,25.0,
10,25.0,
11,25.0,
12,25.0,
13,25.0,
14,25.0,
15,25.0,
16,25.0,
17,25.0,
18,25.0,
19,75.0,
20,36.0,
21,25.0,
22,25.0,
23,26.0,
24,25.0,
