Expected_Cost_our,Expected_Discomfort_our,
0.681524975225,0.701787040224,
Actual_Cost_our,Actual_Discomfort_our,
0.681871576792,0.704236845518,
Expected_Cost_Du,Expected_Discomfort_Du,
1.32680644401,0.0,
Actual_Cost_Du,Actual_Discomfort_Du,
1.32680644401,0.0,
Actual_Cost_Apt,Actual_Discomfort_Apt,
1.32868779744,1e-07,
Run Time,0.221999883652,
optimality gap,0.01,
index,T_set_our,
1,25.0,
2,25.0,
3,25.0,
4,75.0,
5,52.0,
6,75.0,
7,75.0,
8,44.0,
9,25.0,
10,25.0,
11,25.0,
12,25.0,
13,25.0,
14,60.0,
15,25.0,
16,25.0,
17,25.0,
18,25.0,
19,39.0,
20,25.0,
21,25.0,
22,25.0,
23,25.0,
24,25.0,
