Expected_Cost_our,Expected_Discomfort_our,
0.573066061394,0.825091420485,
Actual_Cost_our,Actual_Discomfort_our,
0.573690352506,0.825101126516,
Expected_Cost_Du,Expected_Discomfort_Du,
0.740367014164,0.0,
Actual_Cost_Du,Actual_Discomfort_Du,
0.740367014164,0.0,
Actual_Cost_Apt,Actual_Discomfort_Apt,
0.685533863462,3e-07,
Run Time,0.161000013351,
optimality gap,0.01,
index,T_set_our,
1,50.0,
2,75.0,
3,75.0,
4,25.0,
5,39.0,
6,25.0,
7,25.0,
8,25.0,
9,25.0,
10,25.0,
11,25.0,
12,75.0,
13,75.0,
14,58.0,
15,25.0,
16,25.0,
17,25.0,
18,25.0,
19,25.0,
20,25.0,
21,25.0,
22,25.0,
23,28.0,
24,25.0,
