Expected_Cost_our,Expected_Discomfort_our,
1.26638212313,5.36364356107,
Actual_Cost_our,Actual_Discomfort_our,
1.26666346519,5.36763367725,
Expected_Cost_Du,Expected_Discomfort_Du,
1.66612466205,7.94418902515,
Actual_Cost_Du,Actual_Discomfort_Du,
1.66612466205,7.94418902515,
Actual_Cost_Apt,Actual_Discomfort_Apt,
1.85067796757,3.59997538504,
Run Time,0.290999889374,
optimality gap,0.01,
index,T_set_our,
1,25.0,
2,25.0,
3,25.0,
4,75.0,
5,75.0,
6,25.0,
7,25.0,
8,25.0,
9,25.0,
10,40.0,
11,25.0,
12,40.0,
13,25.0,
14,25.0,
15,64.0,
16,75.0,
17,75.0,
18,25.0,
19,25.0,
20,25.0,
21,25.0,
22,25.0,
23,25.0,
24,45.0,
