Expected_Cost_our,Expected_Discomfort_our,
0.354509358494,1.76270744784,
Actual_Cost_our,Actual_Discomfort_our,
0.331888158688,1.88235124205,
Expected_Cost_Du,Expected_Discomfort_Du,
0.885716270219,0.0,
Actual_Cost_Du,Actual_Discomfort_Du,
0.885716270219,0.0,
Actual_Cost_Apt,Actual_Discomfort_Apt,
0.724861423753,1e-07,
Run Time,0.192000150681,
optimality gap,0.01,
index,T_set_our,
1,25.0,
2,25.0,
3,25.0,
4,54.0,
5,75.0,
6,75.0,
7,46.0,
8,42.0,
9,25.0,
10,25.0,
11,25.0,
12,25.0,
13,25.0,
14,72.0,
15,75.0,
16,25.0,
17,25.0,
18,25.0,
19,25.0,
20,25.0,
21,25.0,
22,25.0,
23,25.0,
24,25.0,
