Expected_Cost_our,Expected_Discomfort_our,
1.45418397761,1.0556384784,
Actual_Cost_our,Actual_Discomfort_our,
1.45506292403,1.02644142761,
Expected_Cost_Du,Expected_Discomfort_Du,
2.12823604148,2.08395875786,
Actual_Cost_Du,Actual_Discomfort_Du,
2.12823604148,2.08395875786,
Actual_Cost_Apt,Actual_Discomfort_Apt,
1.9320312432,1.00569745631,
Run Time,0.228000164032,
optimality gap,0.01,
index,T_set_our,
1,25.0,
2,25.0,
3,35.0,
4,75.0,
5,75.0,
6,75.0,
7,75.0,
8,25.0,
9,25.0,
10,75.0,
11,55.0,
12,40.0,
13,64.0,
14,52.0,
15,52.0,
16,25.0,
17,25.0,
18,33.0,
19,25.0,
20,25.0,
21,25.0,
22,25.0,
23,25.0,
24,25.0,
