Expected_Cost_our,Expected_Discomfort_our,
0.342572556845,0.521238225095,
Actual_Cost_our,Actual_Discomfort_our,
0.342657878515,0.523017924838,
Expected_Cost_Du,Expected_Discomfort_Du,
0.863005160434,0.0,
Actual_Cost_Du,Actual_Discomfort_Du,
0.863005160434,0.0,
Actual_Cost_Apt,Actual_Discomfort_Apt,
0.776972372773,1e-07,
Run Time,0.220999956131,
optimality gap,0.01,
index,T_set_our,
1,25.0,
2,25.0,
3,40.0,
4,51.0,
5,75.0,
6,75.0,
7,75.0,
8,75.0,
9,25.0,
10,72.0,
11,25.0,
12,25.0,
13,25.0,
14,25.0,
15,25.0,
16,25.0,
17,25.0,
18,25.0,
19,25.0,
20,25.0,
21,25.0,
22,25.0,
23,25.0,
24,25.0,
