Expected_Cost_our,Expected_Discomfort_our,
1.27743081162,1.80427338731,
Actual_Cost_our,Actual_Discomfort_our,
1.27815016871,1.79510695237,
Expected_Cost_Du,Expected_Discomfort_Du,
1.97992081716,2.00178288384,
Actual_Cost_Du,Actual_Discomfort_Du,
1.97992081716,2.00178288384,
Actual_Cost_Apt,Actual_Discomfort_Apt,
1.73989366013,1.25558352264,
Run Time,0.210000038147,
optimality gap,0.01,
index,T_set_our,
1,25.0,
2,25.0,
3,26.0,
4,51.0,
5,75.0,
6,75.0,
7,75.0,
8,25.0,
9,25.0,
10,75.0,
11,54.0,
12,34.0,
13,59.0,
14,60.0,
15,60.0,
16,25.0,
17,25.0,
18,25.0,
19,25.0,
20,25.0,
21,25.0,
22,25.0,
23,25.0,
24,25.0,
