Expected_Cost_our,Expected_Discomfort_our,
1.2247916684,2.5999056082,
Actual_Cost_our,Actual_Discomfort_our,
1.23898508057,2.54297429511,
Expected_Cost_Du,Expected_Discomfort_Du,
1.54068790934,3.79347226073,
Actual_Cost_Du,Actual_Discomfort_Du,
1.54068790934,3.79347226073,
Actual_Cost_Apt,Actual_Discomfort_Apt,
1.76217617457,1.8679017308,
Run Time,0.197000026703,
optimality gap,0.01,
index,T_set_our,
1,25.0,
2,25.0,
3,50.0,
4,51.0,
5,75.0,
6,50.0,
7,25.0,
8,25.0,
9,25.0,
10,25.0,
11,75.0,
12,25.0,
13,25.0,
14,75.0,
15,75.0,
16,75.0,
17,50.0,
18,25.0,
19,25.0,
20,25.0,
21,25.0,
22,25.0,
23,25.0,
24,25.0,
