Expected_Cost_our,Expected_Discomfort_our,
1.03867464204,2.34600339443,
Actual_Cost_our,Actual_Discomfort_our,
1.17503982029,1.08861535916,
Expected_Cost_Du,Expected_Discomfort_Du,
2.02284410304,0.0,
Actual_Cost_Du,Actual_Discomfort_Du,
2.02284410304,0.0,
Actual_Cost_Apt,Actual_Discomfort_Apt,
2.03197251658,0.0,
Run Time,0.160000085831,
optimality gap,0.01,
index,T_set_our,
1,25.0,
2,25.0,
3,27.0,
4,75.0,
5,25.0,
6,25.0,
7,75.0,
8,25.0,
9,25.0,
10,25.0,
11,25.0,
12,25.0,
13,25.0,
14,75.0,
15,25.0,
16,25.0,
17,35.0,
18,25.0,
19,25.0,
20,25.0,
21,25.0,
22,25.0,
23,25.0,
24,25.0,
