Expected_Cost_our,Expected_Discomfort_our,
1.34653127224,1.47225915725,
Actual_Cost_our,Actual_Discomfort_our,
1.3469665377,1.47252656774,
Expected_Cost_Du,Expected_Discomfort_Du,
2.37774811897,0.0,
Actual_Cost_Du,Actual_Discomfort_Du,
2.37774811897,0.0,
Actual_Cost_Apt,Actual_Discomfort_Apt,
2.27398781783,1e-07,
Run Time,0.177000045776,
optimality gap,0.01,
index,T_set_our,
1,25.0,
2,25.0,
3,46.0,
4,70.0,
5,73.0,
6,75.0,
7,75.0,
8,25.0,
9,25.0,
10,25.0,
11,25.0,
12,25.0,
13,75.0,
14,75.0,
15,75.0,
16,75.0,
17,66.0,
18,51.0,
19,25.0,
20,25.0,
21,25.0,
22,25.0,
23,25.0,
24,25.0,
