Expected_Cost_our,Expected_Discomfort_our,
0.692362178466,1.43561156738,
Actual_Cost_our,Actual_Discomfort_our,
0.700593811548,1.34528888492,
Expected_Cost_Du,Expected_Discomfort_Du,
1.56232692971,0.0,
Actual_Cost_Du,Actual_Discomfort_Du,
1.56232692971,0.0,
Actual_Cost_Apt,Actual_Discomfort_Apt,
1.69117015638,0.0,
Run Time,0.180999994278,
optimality gap,0.01,
index,T_set_our,
1,25.0,
2,25.0,
3,75.0,
4,75.0,
5,75.0,
6,25.0,
7,75.0,
8,25.0,
9,25.0,
10,25.0,
11,25.0,
12,25.0,
13,25.0,
14,25.0,
15,44.000000001,
16,25.0,
17,38.999999999,
18,25.0,
19,25.0,
20,25.0,
21,25.0,
22,26.0,
23,26.0,
24,25.0,
