Expected_Cost_our,Expected_Discomfort_our,
2.0263040822,8.45843948955,
Actual_Cost_our,Actual_Discomfort_our,
2.03155317118,8.4094789856,
Expected_Cost_Du,Expected_Discomfort_Du,
3.60999116851,2.37799584707,
Actual_Cost_Du,Actual_Discomfort_Du,
3.60999116851,2.37799584707,
Actual_Cost_Apt,Actual_Discomfort_Apt,
3.67477204778,2.19614883225,
Run Time,0.194999933243,
optimality gap,0.01,
index,T_set_our,
1,25.0,
2,33.0,
3,29.0,
4,25.0,
5,25.0,
6,25.0,
7,25.0,
8,25.0,
9,25.0,
10,25.0,
11,25.0,
12,25.0,
13,25.0,
14,25.0,
15,30.0,
16,75.0,
17,73.0,
18,25.0,
19,25.0,
20,25.0,
21,25.0,
22,25.0,
23,25.0,
24,25.0,
