Expected_Cost_our,Expected_Discomfort_our,
1.06969775114,1.56513975051,
Actual_Cost_our,Actual_Discomfort_our,
1.0704297386,1.56622664636,
Expected_Cost_Du,Expected_Discomfort_Du,
2.13013675977,0.0,
Actual_Cost_Du,Actual_Discomfort_Du,
2.13013675977,0.0,
Actual_Cost_Apt,Actual_Discomfort_Apt,
2.09797585412,2e-07,
Run Time,0.18499994278,
optimality gap,0.01,
index,T_set_our,
1,25.0,
2,25.0,
3,49.0,
4,73.0,
5,75.0,
6,75.0,
7,25.0,
8,25.0,
9,25.0,
10,25.0,
11,25.0,
12,25.0,
13,75.0,
14,75.0,
15,75.0,
16,72.0,
17,25.0,
18,25.0,
19,25.0,
20,25.0,
21,25.0,
22,25.0,
23,25.0,
24,25.0,
