Expected_Cost_our,Expected_Discomfort_our,
0.864419518121,2.38631404409,
Actual_Cost_our,Actual_Discomfort_our,
0.8657752054,2.38631415999,
Expected_Cost_Du,Expected_Discomfort_Du,
2.15637847341,0.0,
Actual_Cost_Du,Actual_Discomfort_Du,
2.15637847341,0.0,
Actual_Cost_Apt,Actual_Discomfort_Apt,
2.06889516713,0.919961468126,
Run Time,0.191999912262,
optimality gap,0.01,
index,T_set_our,
1,25.0,
2,25.0,
3,40.0,
4,75.0,
5,75.0,
6,26.0,
7,75.0,
8,25.0,
9,25.0,
10,25.0,
11,25.0,
12,25.0,
13,25.0,
14,75.0,
15,71.0,
16,66.0,
17,25.0,
18,25.0,
19,25.0,
20,25.0,
21,25.0,
22,25.0,
23,25.0,
24,25.0,
