Expected_Cost_our,Expected_Discomfort_our,
1.57372842342,2.53851570334,
Actual_Cost_our,Actual_Discomfort_our,
1.57643127817,2.52406646235,
Expected_Cost_Du,Expected_Discomfort_Du,
2.23596551423,0.0,
Actual_Cost_Du,Actual_Discomfort_Du,
2.23596551423,0.0,
Actual_Cost_Apt,Actual_Discomfort_Apt,
2.6781638436,1e-07,
Run Time,0.174999952316,
optimality gap,0.01,
index,T_set_our,
1,25.0,
2,25.0,
3,27.0,
4,51.0,
5,68.0,
6,71.0,
7,25.0,
8,25.0,
9,25.0,
10,25.0,
11,25.0,
12,25.0,
13,25.0,
14,63.0,
15,25.0,
16,25.0,
17,25.0,
18,25.0,
19,25.0,
20,25.0,
21,25.0,
22,25.0,
23,25.0,
24,25.0,
