Expected_Cost_our,Expected_Discomfort_our,
0.912335218556,0.655033868531,
Actual_Cost_our,Actual_Discomfort_our,
0.907775823874,0.69103769487,
Expected_Cost_Du,Expected_Discomfort_Du,
1.58420695054,0.0,
Actual_Cost_Du,Actual_Discomfort_Du,
1.58420695054,0.0,
Actual_Cost_Apt,Actual_Discomfort_Apt,
1.56406874443,1e-07,
Run Time,0.162999868393,
optimality gap,0.01,
index,T_set_our,
1,25.0,
2,25.0,
3,25.0,
4,49.0,
5,75.0,
6,25.0,
7,25.0,
8,25.0,
9,25.0,
10,25.0,
11,25.0,
12,25.0,
13,25.0,
14,25.0,
15,25.0,
16,25.0,
17,25.0,
18,25.0,
19,41.0,
20,25.0,
21,25.0,
22,25.0,
23,25.0,
24,25.0,
