Expected_Cost_our,Expected_Discomfort_our,
1.37107200228,3.25702074953,
Actual_Cost_our,Actual_Discomfort_our,
1.38924698923,3.09636944497,
Expected_Cost_Du,Expected_Discomfort_Du,
2.42026229177,2.04902500064,
Actual_Cost_Du,Actual_Discomfort_Du,
2.42026229177,2.04902500064,
Actual_Cost_Apt,Actual_Discomfort_Apt,
2.15897913184,1.33087539705,
Run Time,0.265000104904,
optimality gap,0.01,
index,T_set_our,
1,25.0,
2,25.0,
3,26.0,
4,51.0,
5,75.0,
6,25.0,
7,25.0,
8,25.0,
9,25.0,
10,25.0,
11,34.0,
12,25.0,
13,34.0,
14,25.0,
15,25.0,
16,25.0,
17,25.0,
18,28.0,
19,25.0,
20,25.0,
21,25.0,
22,25.0,
23,25.0,
24,46.0,
