Expected_Cost_our,Expected_Discomfort_our,
1.89976785234,5.35219013428,
Actual_Cost_our,Actual_Discomfort_our,
1.90814140959,5.28035957616,
Expected_Cost_Du,Expected_Discomfort_Du,
3.20584613835,0.484111484455,
Actual_Cost_Du,Actual_Discomfort_Du,
3.20584613835,0.484111484455,
Actual_Cost_Apt,Actual_Discomfort_Apt,
2.93096481358,1.02077954112,
Run Time,0.210000038147,
optimality gap,0.01,
index,T_set_our,
1,26.0,
2,25.0,
3,26.0,
4,51.0,
5,25.0,
6,25.0,
7,75.0,
8,25.0,
9,25.0,
10,25.0,
11,25.0,
12,25.0,
13,75.0,
14,25.0,
15,25.0,
16,25.0,
17,27.0,
18,25.0,
19,25.0,
20,25.0,
21,25.0,
22,25.0,
23,25.0,
24,25.0,
