Expected_Cost_our,Expected_Discomfort_our,
1.40809121848,3.09428493202,
Actual_Cost_our,Actual_Discomfort_our,
1.40963757321,3.08984682506,
Expected_Cost_Du,Expected_Discomfort_Du,
2.70167174454,0.0,
Actual_Cost_Du,Actual_Discomfort_Du,
2.70167174454,0.0,
Actual_Cost_Apt,Actual_Discomfort_Apt,
2.70549191768,0.315886274996,
Run Time,0.182000160217,
optimality gap,0.01,
index,T_set_our,
1,25.0,
2,40.0,
3,75.0,
4,75.0,
5,75.0,
6,75.0,
7,25.0,
8,25.0,
9,25.0,
10,25.0,
11,25.0,
12,25.0,
13,25.0,
14,25.0,
15,46.000000001,
16,46.0,
17,45.0,
18,25.0,
19,25.0,
20,25.0,
21,25.0,
22,25.0,
23,25.0,
24,25.0,
