Expected_Cost_our,Expected_Discomfort_our,
0.486409837145,0.000875269426592,
Actual_Cost_our,Actual_Discomfort_our,
0.487044301609,0.000949087732313,
Expected_Cost_Du,Expected_Discomfort_Du,
0.504846478274,0.0,
Actual_Cost_Du,Actual_Discomfort_Du,
0.504846478274,0.0,
Actual_Cost_Apt,Actual_Discomfort_Apt,
0.754597013409,1e-07,
Run Time,0.149000167847,
optimality gap,0.01,
index,T_set_our,
1,25.0,
2,25.0,
3,25.0,
4,64.0,
5,25.0,
6,25.0,
7,74.0,
8,25.0,
9,25.0,
10,25.0,
11,25.0,
12,25.0,
13,60.0,
14,25.0,
15,25.0,
16,25.0,
17,25.0,
18,25.0,
19,25.0,
20,25.0,
21,25.0,
22,25.0,
23,25.0,
24,25.0,
