Expected_Cost_our,Expected_Discomfort_our,
1.08394528639,0.000622273186784,
Actual_Cost_our,Actual_Discomfort_our,
1.08451104982,0.000741621847885,
Expected_Cost_Du,Expected_Discomfort_Du,
1.0840715755,0.0,
Actual_Cost_Du,Actual_Discomfort_Du,
1.0840715755,0.0,
Actual_Cost_Apt,Actual_Discomfort_Apt,
1.5354120019,2e-07,
Run Time,0.195000171661,
optimality gap,0.01,
index,T_set_our,
1,25.0,
2,25.0,
3,25.0,
4,25.0,
5,25.0,
6,68.0,
7,46.0,
8,25.0,
9,25.0,
10,25.0,
11,25.0,
12,59.0,
13,25.0,
14,58.0,
15,25.0,
16,25.0,
17,25.0,
18,25.0,
19,25.0,
20,25.0,
21,25.0,
22,25.0,
23,25.0,
24,25.0,
