Expected_Cost_our,Expected_Discomfort_our,
0.643904507116,0.677249145825,
Actual_Cost_our,Actual_Discomfort_our,
0.649208846455,0.617857609363,
Expected_Cost_Du,Expected_Discomfort_Du,
1.35005829038,0.0,
Actual_Cost_Du,Actual_Discomfort_Du,
1.35005829038,0.0,
Actual_Cost_Apt,Actual_Discomfort_Apt,
1.13836378288,2e-07,
Run Time,0.15700006485,
optimality gap,0.01,
index,T_set_our,
1,25.0,
2,34.0,
3,40.0,
4,51.0,
5,25.0,
6,75.0,
7,75.0,
8,25.0,
9,25.0,
10,25.0,
11,25.0,
12,66.0,
13,75.0,
14,62.0,
15,75.0,
16,25.0,
17,75.0,
18,40.0,
19,25.0,
20,26.0,
21,25.0,
22,25.0,
23,25.0,
24,25.0,
