Expected_Cost_our,Expected_Discomfort_our,
0.546358396322,1.75657919876,
Actual_Cost_our,Actual_Discomfort_our,
0.546417152515,1.76140961371,
Expected_Cost_Du,Expected_Discomfort_Du,
1.04969697289,2.40773077847,
Actual_Cost_Du,Actual_Discomfort_Du,
1.04969697289,2.40773077847,
Actual_Cost_Apt,Actual_Discomfort_Apt,
1.09628516357,1.2314577933,
Run Time,0.170000076294,
optimality gap,0.01,
index,T_set_our,
1,25.0,
2,25.0,
3,25.0,
4,52.0,
5,75.0,
6,25.0,
7,25.0,
8,25.0,
9,25.0,
10,25.0,
11,25.0,
12,34.0,
13,54.0,
14,25.0,
15,25.0,
16,51.0,
17,25.0,
18,25.0,
19,25.0,
20,25.0,
21,25.0,
22,25.0,
23,25.0,
24,25.0,
