Expected_Cost_our,Expected_Discomfort_our,
1.05068791734,2.5032395054,
Actual_Cost_our,Actual_Discomfort_our,
1.14908591591,2.16720078544,
Expected_Cost_Du,Expected_Discomfort_Du,
1.62410890243,0.115742289176,
Actual_Cost_Du,Actual_Discomfort_Du,
1.62410890243,0.115742289176,
Actual_Cost_Apt,Actual_Discomfort_Apt,
1.6842831265,2e-07,
Run Time,0.18799996376,
optimality gap,0.01,
index,T_set_our,
1,25.0,
2,25.0,
3,25.0,
4,50.0,
5,50.0,
6,75.0,
7,25.0,
8,25.0,
9,25.0,
10,25.0,
11,25.0,
12,25.0,
13,75.0,
14,75.0,
15,75.0,
16,71.0,
17,68.0,
18,25.0,
19,25.0,
20,25.0,
21,30.0,
22,25.0,
23,25.0,
24,25.0,
