Expected_Cost_our,Expected_Discomfort_our,
1.16539487177,3.47780471836,
Actual_Cost_our,Actual_Discomfort_our,
1.16631468946,3.47780484155,
Expected_Cost_Du,Expected_Discomfort_Du,
1.79635382149,0.848448029899,
Actual_Cost_Du,Actual_Discomfort_Du,
1.79635382149,0.848448029899,
Actual_Cost_Apt,Actual_Discomfort_Apt,
1.81581043526,0.400370413786,
Run Time,0.15700006485,
optimality gap,0.01,
index,T_set_our,
1,25.0,
2,25.0,
3,25.0,
4,40.0,
5,25.0,
6,25.0,
7,75.0,
8,25.0,
9,25.0,
10,25.0,
11,25.0,
12,25.0,
13,25.0,
14,25.0,
15,25.0,
16,75.0,
17,25.0,
18,25.0,
19,25.0,
20,25.0,
21,25.0,
22,25.0,
23,25.0,
24,25.0,
