Expected_Cost_our,Expected_Discomfort_our,
0.51417875557,0.0105546590073,
Actual_Cost_our,Actual_Discomfort_our,
0.514346916181,0.0112000989775,
Expected_Cost_Du,Expected_Discomfort_Du,
0.569647522109,0.0,
Actual_Cost_Du,Actual_Discomfort_Du,
0.569647522109,0.0,
Actual_Cost_Apt,Actual_Discomfort_Apt,
0.520117519874,2e-07,
Run Time,0.169000148773,
optimality gap,0.01,
index,T_set_our,
1,25.0,
2,25.0,
3,25.0,
4,57.0,
5,57.0,
6,25.0,
7,25.0,
8,25.0,
9,25.0,
10,25.0,
11,40.0,
12,40.0,
13,40.0,
14,40.0,
15,58.0,
16,75.0,
17,75.0,
18,25.0,
19,25.0,
20,25.0,
21,25.0,
22,25.0,
23,25.0,
24,25.0,
