Expected_Cost_our,Expected_Discomfort_our,
0.506837026736,0.465030765294,
Actual_Cost_our,Actual_Discomfort_our,
0.507046748461,0.465927276428,
Expected_Cost_Du,Expected_Discomfort_Du,
1.48481156112,0.0,
Actual_Cost_Du,Actual_Discomfort_Du,
1.48481156112,0.0,
Actual_Cost_Apt,Actual_Discomfort_Apt,
0.917071351497,3e-07,
Run Time,0.242000102997,
optimality gap,0.01,
index,T_set_our,
1,25.0,
2,40.0,
3,25.0,
4,45.0,
5,75.0,
6,25.0,
7,25.0,
8,25.0,
9,25.0,
10,42.0,
11,25.0,
12,25.0,
13,25.0,
14,55.0,
15,75.0,
16,75.0,
17,25.0,
18,25.0,
19,25.0,
20,25.0,
21,25.0,
22,25.0,
23,25.0,
24,25.0,
