Expected_Cost_our,Expected_Discomfort_our,
2.83660899602,6.4544242033,
Actual_Cost_our,Actual_Discomfort_our,
2.86893892148,6.31964428191,
Expected_Cost_Du,Expected_Discomfort_Du,
3.92560052579,3.01581805675,
Actual_Cost_Du,Actual_Discomfort_Du,
3.92560052579,3.01581805675,
Actual_Cost_Apt,Actual_Discomfort_Apt,
3.39908224677,4.15610372652,
Run Time,0.151999950409,
optimality gap,0.01,
index,T_set_our,
1,25.0,
2,25.0,
3,50.0,
4,75.0,
5,75.0,
6,75.0,
7,25.0,
8,25.0,
9,25.0,
10,28.0,
11,75.0,
12,25.0,
13,75.0,
14,25.0,
15,75.0,
16,75.0,
17,75.0,
18,31.0,
19,71.0,
20,25.0,
21,25.0,
22,25.0,
23,25.0,
24,25.0,
