Expected_Cost_our,Expected_Discomfort_our,
1.8539697957,1.53445123994,
Actual_Cost_our,Actual_Discomfort_our,
1.85414929804,1.53470687626,
Expected_Cost_Du,Expected_Discomfort_Du,
2.25057164967,1.84881217167,
Actual_Cost_Du,Actual_Discomfort_Du,
2.25057164967,1.84881217167,
Actual_Cost_Apt,Actual_Discomfort_Apt,
2.25293067799,1.19722469147,
Run Time,0.144999980927,
optimality gap,0.01,
index,T_set_our,
1,27.0,
2,25.0,
3,25.0,
4,57.0,
5,75.0,
6,25.0,
7,56.0,
8,25.0,
9,48.0,
10,25.0,
11,25.0,
12,63.0,
13,75.0,
14,25.0,
15,25.0,
16,25.0,
17,25.0,
18,25.0,
19,25.0,
20,25.0,
21,25.0,
22,25.0,
23,25.0,
24,25.0,
