Expected_Cost_our,Expected_Discomfort_our,
1.39038123273,2.31325470175,
Actual_Cost_our,Actual_Discomfort_our,
1.39055381221,2.31492710708,
Expected_Cost_Du,Expected_Discomfort_Du,
2.09219928321,0.0,
Actual_Cost_Du,Actual_Discomfort_Du,
2.09219928321,0.0,
Actual_Cost_Apt,Actual_Discomfort_Apt,
2.01265328731,1e-07,
Run Time,0.215000152588,
optimality gap,0.01,
index,T_set_our,
1,25.0,
2,25.0,
3,25.0,
4,49.0,
5,25.0,
6,25.0,
7,73.0,
8,25.0,
9,34.0,
10,31.0,
11,75.0,
12,25.0,
13,25.0,
14,25.0,
15,25.0,
16,25.0,
17,25.0,
18,25.0,
19,25.0,
20,25.0,
21,25.0,
22,25.0,
23,25.0,
24,25.0,
