Expected_Cost_our,Expected_Discomfort_our,
1.14170841375,1.8140072711,
Actual_Cost_our,Actual_Discomfort_our,
1.14437721357,1.795820022,
Expected_Cost_Du,Expected_Discomfort_Du,
1.8487425725,0.0244469511537,
Actual_Cost_Du,Actual_Discomfort_Du,
1.8487425725,0.0244469511537,
Actual_Cost_Apt,Actual_Discomfort_Apt,
1.79543948735,0.0222740851171,
Run Time,0.170000076294,
optimality gap,0.01,
index,T_set_our,
1,25.0,
2,25.0,
3,25.0,
4,75.0,
5,50.0,
6,75.0,
7,25.0,
8,25.0,
9,25.0,
10,25.0,
11,25.0,
12,25.0,
13,75.0,
14,25.0,
15,25.0,
16,25.0,
17,25.0,
18,25.0,
19,25.0,
20,25.0,
21,25.0,
22,25.0,
23,25.0,
24,25.0,
