Expected_Cost_our,Expected_Discomfort_our,
1.0517234883,4.11049478413,
Actual_Cost_our,Actual_Discomfort_our,
1.05756419294,4.0790692448,
Expected_Cost_Du,Expected_Discomfort_Du,
2.88193003412,3.79448223722,
Actual_Cost_Du,Actual_Discomfort_Du,
2.88193003412,3.79448223722,
Actual_Cost_Apt,Actual_Discomfort_Apt,
1.94766527045,3.61632658113,
Run Time,0.210999965668,
optimality gap,0.01,
index,T_set_our,
1,25.0,
2,25.0,
3,40.0,
4,64.0,
5,75.0,
6,25.0,
7,25.0,
8,25.0,
9,70.0,
10,25.0,
11,25.0,
12,25.0,
13,25.0,
14,25.0,
15,25.0,
16,25.0,
17,25.0,
18,25.0,
19,25.0,
20,40.0,
21,25.0,
22,25.0,
23,25.0,
24,25.0,
