Expected_Cost_our,Expected_Discomfort_our,
0.686643919386,1.61865631012,
Actual_Cost_our,Actual_Discomfort_our,
0.605840211766,2.43676427125,
Expected_Cost_Du,Expected_Discomfort_Du,
1.5736634293,0.0,
Actual_Cost_Du,Actual_Discomfort_Du,
1.5736634293,0.0,
Actual_Cost_Apt,Actual_Discomfort_Apt,
1.44360885293,0.156662529691,
Run Time,0.160000085831,
optimality gap,0.01,
index,T_set_our,
1,25.0,
2,25.0,
3,25.0,
4,25.0,
5,50.0,
6,75.0,
7,25.0,
8,25.0,
9,25.0,
10,25.0,
11,25.0,
12,25.0,
13,58.0,
14,75.0,
15,75.0,
16,70.0,
17,25.0,
18,25.0,
19,25.0,
20,25.0,
21,25.0,
22,25.0,
23,25.0,
24,25.0,
