Expected_Cost_our,Expected_Discomfort_our,
1.60637528675,3.1013355642,
Actual_Cost_our,Actual_Discomfort_our,
1.58942783583,3.38143179836,
Expected_Cost_Du,Expected_Discomfort_Du,
2.23422001278,0.498800558964,
Actual_Cost_Du,Actual_Discomfort_Du,
2.23422001278,0.498800558964,
Actual_Cost_Apt,Actual_Discomfort_Apt,
2.23098222324,0.205525345365,
Run Time,0.173000097275,
optimality gap,0.01,
index,T_set_our,
1,25.0,
2,25.0,
3,25.0,
4,25.0,
5,75.0,
6,75.0,
7,25.0,
8,25.0,
9,25.0,
10,25.0,
11,25.0,
12,31.0,
13,75.0,
14,75.0,
15,25.0,
16,54.0,
17,25.0,
18,25.0,
19,25.0,
20,25.0,
21,25.0,
22,25.0,
23,25.0,
24,25.0,
