Expected_Cost_our,Expected_Discomfort_our,
1.48384428163,2.59119702585,
Actual_Cost_our,Actual_Discomfort_our,
1.49889414913,2.4370762146,
Expected_Cost_Du,Expected_Discomfort_Du,
2.20915725414,0.0,
Actual_Cost_Du,Actual_Discomfort_Du,
2.20915725414,0.0,
Actual_Cost_Apt,Actual_Discomfort_Apt,
2.11407270084,0.148021187299,
Run Time,0.158999919891,
optimality gap,0.01,
index,T_set_our,
1,25.0,
2,25.0,
3,75.0,
4,35.0,
5,75.0,
6,25.0,
7,52.0,
8,25.0,
9,25.0,
10,25.0,
11,25.0,
12,25.0,
13,25.0,
14,46.0,
15,25.0,
16,40.0,
17,25.0,
18,25.0,
19,25.0,
20,25.0,
21,25.0,
22,25.0,
23,25.0,
24,25.0,
