Expected_Cost_our,Expected_Discomfort_our,
0.967104693422,2.54393018322,
Actual_Cost_our,Actual_Discomfort_our,
0.967719888332,2.54537523292,
Expected_Cost_Du,Expected_Discomfort_Du,
1.67163398818,4.16959242259,
Actual_Cost_Du,Actual_Discomfort_Du,
1.67163398818,4.16959242259,
Actual_Cost_Apt,Actual_Discomfort_Apt,
1.48856439876,3.72840485267,
Run Time,0.1890001297,
optimality gap,0.01,
index,T_set_our,
1,25.0,
2,25.0,
3,25.0,
4,50.0,
5,73.0,
6,47.0,
7,75.0,
8,48.0,
9,75.0,
10,75.0,
11,75.0,
12,34.0,
13,52.0,
14,25.0,
15,25.0,
16,25.0,
17,25.0,
18,25.0,
19,25.0,
20,25.0,
21,25.0,
22,25.0,
23,25.0,
24,25.0,
