Expected_Cost_our,Expected_Discomfort_our,
0.924088748407,3.03723734224,
Actual_Cost_our,Actual_Discomfort_our,
0.92418320877,3.03744385302,
Expected_Cost_Du,Expected_Discomfort_Du,
2.223840906,0.856242749468,
Actual_Cost_Du,Actual_Discomfort_Du,
2.223840906,0.856242749468,
Actual_Cost_Apt,Actual_Discomfort_Apt,
1.70662045329,0.521934179882,
Run Time,0.161000013351,
optimality gap,0.01,
index,T_set_our,
1,25.0,
2,25.0,
3,25.0,
4,34.0,
5,25.0,
6,25.0,
7,58.0,
8,38.0,
9,25.0,
10,42.0,
11,25.0,
12,63.0,
13,25.0,
14,75.0,
15,75.0,
16,75.0,
17,25.0,
18,25.0,
19,25.0,
20,25.0,
21,25.0,
22,25.0,
23,25.0,
24,25.0,
