Expected_Cost_our,Expected_Discomfort_our,
3.20749125487,6.5792578823,
Actual_Cost_our,Actual_Discomfort_our,
3.46819938342,4.17740210871,
Expected_Cost_Du,Expected_Discomfort_Du,
4.27201860254,2.1429463656,
Actual_Cost_Du,Actual_Discomfort_Du,
4.27201860254,2.1429463656,
Actual_Cost_Apt,Actual_Discomfort_Apt,
3.74428559448,5.51667676529,
Run Time,0.164999961853,
optimality gap,0.01,
index,T_set_our,
1,25.0,
2,25.0,
3,25.0,
4,25.0,
5,25.0,
6,65.0,
7,75.0,
8,65.0,
9,25.0,
10,25.0,
11,46.0,
12,25.0,
13,34.0,
14,55.0,
15,25.0,
16,25.0,
17,75.0,
18,25.0,
19,25.0,
20,25.0,
21,25.0,
22,25.0,
23,25.0,
24,25.0,
