Expected_Cost_our,Expected_Discomfort_our,
1.06702741939,2.80879507749,
Actual_Cost_our,Actual_Discomfort_our,
1.07810039155,2.73365127431,
Expected_Cost_Du,Expected_Discomfort_Du,
2.10497090587,0.0,
Actual_Cost_Du,Actual_Discomfort_Du,
2.10497090587,0.0,
Actual_Cost_Apt,Actual_Discomfort_Apt,
2.22356601421,1e-07,
Run Time,0.214999914169,
optimality gap,0.01,
index,T_set_our,
1,25.0,
2,25.0,
3,26.0,
4,52.0,
5,75.0,
6,25.0,
7,25.0,
8,25.0,
9,25.0,
10,25.0,
11,25.0,
12,25.0,
13,25.0,
14,26.0,
15,25.0,
16,32.0,
17,25.0,
18,25.0,
19,25.0,
20,25.0,
21,25.0,
22,25.0,
23,40.0,
24,25.0,
