Expected_Cost_our,Expected_Discomfort_our,
2.45392977359,3.76375492753,
Actual_Cost_our,Actual_Discomfort_our,
2.45432885293,3.76489782338,
Expected_Cost_Du,Expected_Discomfort_Du,
3.1996748566,0.814334664226,
Actual_Cost_Du,Actual_Discomfort_Du,
3.1996748566,0.814334664226,
Actual_Cost_Apt,Actual_Discomfort_Apt,
3.36604679564,0.263763052229,
Run Time,0.172000169754,
optimality gap,0.01,
index,T_set_our,
1,25.0,
2,25.0,
3,25.0,
4,50.0,
5,75.0,
6,25.0,
7,75.0,
8,25.0,
9,25.0,
10,50.0,
11,74.0,
12,69.0,
13,75.0,
14,75.0,
15,75.0,
16,75.0,
17,25.0,
18,61.0,
19,25.0,
20,25.0,
21,25.0,
22,25.0,
23,25.0,
24,25.0,
