Expected_Cost_our,Expected_Discomfort_our,
1.82798817246,1.49660460352,
Actual_Cost_our,Actual_Discomfort_our,
1.81543778093,1.63230627209,
Expected_Cost_Du,Expected_Discomfort_Du,
2.2768038821,0.0,
Actual_Cost_Du,Actual_Discomfort_Du,
2.2768038821,0.0,
Actual_Cost_Apt,Actual_Discomfort_Apt,
2.27710023198,1e-07,
Run Time,0.206000089645,
optimality gap,0.01,
index,T_set_our,
1,25.0,
2,25.0,
3,25.0,
4,49.0,
5,75.0,
6,25.0,
7,55.0,
8,25.0,
9,25.0,
10,25.0,
11,25.0,
12,25.0,
13,55.0,
14,43.0,
15,63.0,
16,25.0,
17,25.0,
18,25.0,
19,25.0,
20,25.0,
21,25.0,
22,25.0,
23,25.0,
24,25.0,
