Expected_Cost_our,Expected_Discomfort_our,
0.452458191095,1.25796013737,
Actual_Cost_our,Actual_Discomfort_our,
0.408222639216,1.70426223966,
Expected_Cost_Du,Expected_Discomfort_Du,
1.22307556975,0.0,
Actual_Cost_Du,Actual_Discomfort_Du,
1.22307556975,0.0,
Actual_Cost_Apt,Actual_Discomfort_Apt,
1.12342042505,0.0735387523136,
Run Time,0.212999820709,
optimality gap,0.01,
index,T_set_our,
1,25.0,
2,25.0,
3,75.0,
4,75.0,
5,25.0,
6,25.0,
7,75.0,
8,25.0,
9,25.0,
10,25.0,
11,25.0,
12,57.0,
13,25.0,
14,25.0,
15,25.0,
16,25.0,
17,25.0,
18,25.0,
19,25.0,
20,25.0,
21,25.0,
22,25.0,
23,25.0,
24,25.0,
