Expected_Cost_our,Expected_Discomfort_our,
1.4568271907,4.40559136291,
Actual_Cost_our,Actual_Discomfort_our,
1.70816235793,1.83787825525,
Expected_Cost_Du,Expected_Discomfort_Du,
2.16028209118,2.36690435845,
Actual_Cost_Du,Actual_Discomfort_Du,
2.16028209118,2.36690435845,
Actual_Cost_Apt,Actual_Discomfort_Apt,
2.11532033374,2.50251611903,
Run Time,0.161000013351,
optimality gap,0.01,
index,T_set_our,
1,25.0,
2,25.0,
3,25.0,
4,50.0,
5,73.0,
6,51.0,
7,75.0,
8,25.0,
9,25.0,
10,25.0,
11,25.0,
12,25.0,
13,25.0,
14,25.0,
15,33.0,
16,25.0,
17,25.0,
18,25.0,
19,25.0,
20,25.0,
21,25.0,
22,25.0,
23,25.0,
24,25.0,
