Expected_Cost_our,Expected_Discomfort_our,
2.08496365477,2.92004433996,
Actual_Cost_our,Actual_Discomfort_our,
2.19757811781,2.35847768992,
Expected_Cost_Du,Expected_Discomfort_Du,
2.92144262205,0.0,
Actual_Cost_Du,Actual_Discomfort_Du,
2.92144262205,0.0,
Actual_Cost_Apt,Actual_Discomfort_Apt,
2.5123253796,1.94633307359,
Run Time,0.206000089645,
optimality gap,0.01,
index,T_set_our,
1,25.0,
2,25.0,
3,25.0,
4,27.0,
5,75.0,
6,75.0,
7,25.0,
8,56.0,
9,25.0,
10,25.0,
11,25.0,
12,25.0,
13,63.0,
14,25.0,
15,73.0,
16,25.0,
17,25.0,
18,25.0,
19,45.0,
20,25.0,
21,25.0,
22,25.0,
23,25.0,
24,25.0,
