Expected_Cost_our,Expected_Discomfort_our,
1.10718013577,8.63951391517,
Actual_Cost_our,Actual_Discomfort_our,
1.11320143646,8.57905537815,
Expected_Cost_Du,Expected_Discomfort_Du,
2.39520156179,11.779843375,
Actual_Cost_Du,Actual_Discomfort_Du,
2.39520156179,11.779843375,
Actual_Cost_Apt,Actual_Discomfort_Apt,
2.01702034607,5.03887841373,
Run Time,0.246999979019,
optimality gap,0.01,
index,T_set_our,
1,25.0,
2,25.0,
3,25.0,
4,40.0,
5,40.0,
6,75.0,
7,63.0,
8,25.0,
9,25.0,
10,25.0,
11,25.0,
12,25.0,
13,75.0,
14,75.0,
15,75.0,
16,75.0,
17,75.0,
18,25.0,
19,25.0,
20,25.0,
21,25.0,
22,25.0,
23,25.0,
24,25.0,
