Expected_Cost_our,Expected_Discomfort_our,
1.38319708187,1.73818367554,
Actual_Cost_our,Actual_Discomfort_our,
1.38306529062,1.7451135216,
Expected_Cost_Du,Expected_Discomfort_Du,
2.21522337059,0.0,
Actual_Cost_Du,Actual_Discomfort_Du,
2.21522337059,0.0,
Actual_Cost_Apt,Actual_Discomfort_Apt,
2.01809843318,0.0,
Run Time,0.184000015259,
optimality gap,0.01,
index,T_set_our,
1,26.0,
2,26.0,
3,26.0,
4,51.0,
5,59.0,
6,25.0,
7,75.0,
8,75.0,
9,25.0,
10,25.0,
11,25.0,
12,25.0,
13,26.0,
14,74.0,
15,37.0,
16,25.0,
17,41.0,
18,25.0,
19,25.0,
20,25.0,
21,25.0,
22,25.0,
23,26.0,
24,26.0,
