Expected_Cost_our,Expected_Discomfort_our,
0.530019179258,0.874832766819,
Actual_Cost_our,Actual_Discomfort_our,
0.530929205145,0.873562235828,
Expected_Cost_Du,Expected_Discomfort_Du,
1.28273299534,0.0,
Actual_Cost_Du,Actual_Discomfort_Du,
1.28273299534,0.0,
Actual_Cost_Apt,Actual_Discomfort_Apt,
1.14219911446,0.0,
Run Time,0.171999931335,
optimality gap,0.01,
index,T_set_our,
1,25.0,
2,25.0,
3,49.0,
4,75.0,
5,75.0,
6,25.0,
7,25.0,
8,25.0,
9,25.0,
10,25.0,
11,25.0,
12,25.0,
13,25.0,
14,60.0,
15,25.0,
16,25.0,
17,43.0,
18,25.0,
19,25.0,
20,25.0,
21,25.0,
22,25.0,
23,25.0,
24,25.0,
