1,2,3,4,5,6,7,8,9,10,11,12,13,14,15,16,17,18,19,20,21,22,23,24,
0.0,0.0,0.0,0.0,0.0,0.0,0.0,0.0,2.93243221457,19.2223429607,116.445566144,18.7697297354,0.586183662096,10.7584079967,1.95111958603,8.27772476139,3.44504013808,2.68021579384,1.34646629408,2.39802407221,0.0,0.0,0.0,3.9821733078,
0.0,9.19399998118,0.0,0.0,1.9724361823,0.0,12.7136112278,3.87157237133,5.44600776377,4.9662259897,0.0381644593012,2.31470474587,7.61562698579,0.0,3.85158146408,0.0,0.0,0.0,12.4703885229,3.90065005461,0.0,0.0,0.0,22.0551198731,
0.0,0.0,0.0,0.0,0.0,0.0,0.0,0.0,2.80609831584,37.9158089465,97.4156376998,1.11807610252,5.02982745307,18.3305231931,16.365084512,1.78710375411,1.75589458377,7.63533867409,9.60272841221,4.47472842331,0.659937601975,0.0,56.9182546629,34.675491223,
0.0,0.0,0.0,0.0,0.0,0.815967180315,7.095372504,0.0,1.77172549932,21.4760560101,0.383128720623,0.0,0.0,4.65725695599,0.0,13.1752026102,7.05635808237,0.0,0.0,6.91177548764,0.0,10.6800161955,0.0,2.92226581925,
0.0,14.5694947932,4.983492265,0.021224844004,0.0,0.0,0.0,0.0,15.8540488348,10.8510246889,10.4395911294,0.0,3.16856599774,0.253788491877,13.9140980929,11.066646135,3.00574112303,0.81230510124,0.136142213683,8.14258442289,18.0999405425,0.0,92.5748860321,2.3392810213,
2.45753372361,3.13989948863,0.0,0.0,0.0,54.6352113319,2.75560151219,14.0176250837,24.2453502341,17.2451821219,2.15140137875,3.70315232387,8.57193773649,77.2114387389,2.43499933295,0.598437180358,2.33399599739,0.145590393599,5.88549166126,6.894367233,46.9800578882,8.73057060285,6.17181943534,0.208982877479,
0.0,0.0,0.0,0.0,0.081010988946,0.0,0.0,0.0,4.50597077467,83.1618762143,0.409202821,4.24655356287,8.01371625483,2.88059299271,0.0,7.7593111646,0.0,10.8289816246,6.6034575409,9.3915098908,0.0,7.82044284675,0.0,1.64813367773,
0.0,0.0,0.0121403167457,0.0,0.291974617733,1.68264790095,4.31284752389,0.0,4.4822049425,2.19163068051,8.7267631847,3.50126734945,17.6563363207,5.22276426398,3.7088667658,0.728419004739,0.0,0.0,36.0273004665,144.59300563,1.94487874265,0.835860807938,0.917200930134,0.0,
0.0,0.0,0.0,0.0,0.0,0.364321483264,20.840953296,23.036491096,9.25801609222,31.071023821,17.1246277196,31.216005024,10.8814951487,0.0,2.44884757001,0.393770803161,4.94111011677,2.41059381427,0.40621845384,14.36184554,1.089440998,2.19260812678,1.77971044575,50.6100224489,
0.0,11.1448848774,0.0,0.680573519275,0.0,0.0,0.0,15.4475915357,2.57652197123,8.88997261479,8.26133040823,2.94504898,14.1537927675,18.8285933162,2.00680852495,2.54281217175,0.107506928078,5.82754362399,2.37669270944,0.0,6.66816276784,38.233019541,0.571548131761,18.6870728967,
1.66726846087,0.0,0.0,0.0,0.0,0.0,34.8219820201,16.3387999804,0.0,0.0808054438001,10.6158911242,42.5793046249,7.72907107746,0.0,22.9684917304,13.8043645758,0.0,0.0510350171369,1.644382104,12.0805462423,6.02152446242,9.55222298097,12.564911413,19.1025891823,
4.00776774456,15.7669553297,0.0,0.0,0.0,0.0,0.0,0.0,1.73279917665,17.9378876462,22.656435932,49.4961062441,0.399886548216,24.700178791,5.81438976,0.0,0.0,1.90827319361,58.4815844856,22.2022116504,7.45806644332,8.986941881,28.597636927,31.074188998,
4.38447036794,0.0,0.0118539627423,0.0,1.37505967811,0.0,3.96104724251,1.40059129017,18.0195431072,3.85861684651,2.78172992353,63.0001646023,14.9157932446,19.7207387346,0.0,4.90997215743,10.3795786053,11.7765541388,14.1670025753,0.643761361237,0.0,8.97041031832,97.2812169576,1.57201782829,
0.0,0.0,0.0,0.0,0.0,0.0,0.0,131.616010539,3.14942263292,8.06950241557,1.03004574576,0.0,1.114046163,11.590168338,11.650734898,9.55353727346,2.00354234491,0.744259736015,0.0,0.126475510695,17.5624623818,6.60044071441,3.01109004309,68.342379926,
0.0,0.0,0.0,0.0,0.0,0.0,0.0,0.0,0.0,0.0662948623839,3.84132654185,2.21205884853,32.7557441151,14.3047891361,1.14465074318,7.3508229979,3.96491933835,0.264571239789,47.1602796497,9.70976450025,0.304408978194,0.0,0.0,0.0188545021459,
8.986941881,1.423559434,0.0,0.0,0.243951851724,0.0,0.0,10.8074928825,2.60772970677,3.75113994446,3.37821604145,120.284384406,2.26674463721,1.97229901069,11.4380567087,0.0,0.0,7.26836595628,2.41335909174,2.10492121437,5.6699033867,7.86455751411,11.1788958887,0.0,
0.0,0.0,0.0,0.0,0.0,2.91077068019,8.00697731688,9.87203682034,0.0538524522206,0.0,4.88475209266,13.8823711295,0.0,1.7457930556,0.0,0.0,0.198675996045,1.03871340046,7.23965593553,1.69741712395,6.44492314852,19.0337559717,6.99543768,0.0931008496016,
0.0,0.0362141033442,0.0,0.0,0.0,0.0,0.0,3.43607933495,0.0,8.06102825068,112.813322641,0.0,16.6475320113,29.743343013,0.0,0.363358314226,3.80430677231,2.35391671737,77.7900242246,8.48201250764,0.396224895413,9.62321324327,0.0,0.0,
0.0,2.51210196341,2.28472523172,0.0,0.0,0.0,0.0,18.8530923797,13.3777876278,57.3567698259,8.98396818733,2.3757368017,0.0,0.0,4.34846584869,0.0,5.61166991366,0.0,9.09476488122,6.69772102301,16.3878659406,1.51584487796,0.0,12.830268654,
5.48505909,13.0937904901,0.0,0.0,0.0,0.0,84.4958667566,1.08627800569,27.0369967975,0.129695748437,11.3081905733,0.555925907621,0.0,0.0,0.0,0.0,0.0,9.24310545201,0.0,58.5464601882,9.98505037911,20.3859461573,27.1811998215,12.7360616065,
12.4888481142,0.0,0.0,0.0,0.0,0.0,0.104447261754,14.7611691356,3.93123658672,11.5801308241,6.10057271714,4.3873940156,3.29419964331,22.3675485857,0.0876991585573,4.61516821908,2.56885451941,1.55209239988,0.0,13.857628928,4.05699961618,0.105056283688,15.575859137,0.0,
16.2346826014,0.0,0.0,3.5579759628,0.0,0.0,0.0,5.36589800656,0.0,4.83929807164,1.54233780822,0.351777284458,0.123350476368,0.0,0.0,4.36812970882,0.889037137084,34.183766464,0.0,0.687716976888,14.5801816016,1.08883445189,0.0,0.103248917256,
16.7442941711,8.41007153766,0.0,0.0,0.0,0.0,2.9682605427,0.0,3.92935065069,15.4922851417,23.6779853298,29.282417596,2.81625294718,8.85086310224,0.0,10.5591969614,0.0,16.694415182,22.1966240763,14.0395311876,37.3849515055,19.037808998,0.0,0.0,
0.0,0.0,0.0,0.0,0.0,0.0,4.51988404304,0.0,0.0,8.771173511,65.6012059369,6.88174053793,2.50810147909,3.73320789885,15.3669963922,0.0,6.70854029914,29.2561576316,1.90666898155,0.0,0.0,0.0,7.43836443523,36.852480514,
25.9463814313,11.056425528,0.0,0.0,0.0,0.0,0.0,0.0,38.9526308061,55.8089042803,11.775653428,0.221841186804,7.04926684584,6.001767555,0.224583728949,4.0129486113,9.26034591456,0.673751186847,24.7991990021,0.77979614977,7.49110150441,1.99839904267,0.0,0.104826055303,
2.72608689169,0.0,0.0,0.0,1.99261241059,0.0,0.0,0.0,38.5830936916,9.97092496838,9.917395659,12.2717430974,88.0053210817,6.14790112365,82.8790224053,13.9891265901,0.941751659333,0.11307115392,125.746095023,18.7274479647,0.0,0.0,3.13094329978,0.0,
0.0,1.0607677934,0.0,0.0,0.0,0.0,0.0,8.41847267759,6.97820606155,64.7010438488,25.4264211167,52.6009753642,33.1587477302,47.35169369,10.5692708242,26.5700994962,1.29395381694,0.0,6.97759642489,63.2568145945,0.0,19.4564241928,69.1419421195,5.48337696419,
1.91303984809,0.554845011907,0.0,4.2345039645,4.74179083253,0.0,0.0,0.0,2.12517833956,3.15438535066,17.3035428741,16.8197302181,3.4055899055,0.0,0.0,4.66770987764,0.0,1.47978993835,6.38010791714,28.4647685504,26.7560288297,0.0,4.38266587427,0.0,
3.04829410663,0.0,0.0,0.0,0.0,18.545859213,19.2197651285,0.659495871686,6.82546212832,23.9080525089,30.2855871172,0.0777491665649,90.5762545546,201.419738149,59.3130964626,8.0676194012,0.0,0.0,0.248797333008,3.14411531614,0.0,13.9719825797,0.0,0.0,
0.0,0.0,0.0,0.0,0.0,0.0,160.786586877,0.0,6.92049337767,0.0,0.0,0.0125023233525,7.3961915345,0.0,8.11522759463,0.0,0.0,0.859306029446,0.0,0.0,7.67917095087,0.422334581541,1.04501127144,0.0,
0.0,0.355897614669,5.48911839453,0.0,0.0,0.0,7.36070679318,0.558091375187,9.78550707958,15.7418363959,2.99234566849,47.2468569451,0.0,3.39307357395,0.161328053265,0.0,11.0450247733,0.0,22.0333255052,12.5555311019,0.294294085823,4.11950726559,3.06340320424,0.0,
2.88469197699,0.0,0.0,0.0,0.0,0.0,0.0,52.2974718336,10.4181365788,57.6886241894,1.48778237108,1.16997400071,10.509812324,4.36422262153,1.16204404137,0.605116897135,0.0899745386365,11.827513545,2.322868089,12.0907480021,21.3497124,15.204747469,0.0,0.0,
0.0,0.0,1.91983445078,0.0,0.0,0.0,0.0,12.6594993979,157.504206627,0.717421453485,0.0,48.4771924998,106.807338992,0.0,0.0,0.0838821852501,0.0,5.45844256382,44.384310791,15.3486556923,1.60230225134,0.158308560527,72.4010017853,4.854409784,
0.0,0.0,0.0,0.0,0.0,0.0,0.0,0.0,11.5687065614,8.85380135651,16.9073492767,11.19345737,0.0,0.0,5.11662107748,0.0,3.439423526,35.4344031325,12.3484660595,89.4531666822,2.41813958631,15.3754875197,4.30518531369,0.0,
0.0,0.0,0.0,0.0,0.0,0.0,0.0375239995203,19.5695284327,5.88364109551,7.63171034146,37.2988555232,3.69504619666,0.0,45.9569776087,10.9740301526,17.728589194,0.0,38.48626347,0.0,3.15445654504,2.8329094272,2.19195070368,8.95694817817,0.189450436602,
5.40284578459,0.0,0.0,0.0,0.0,0.0,0.0,104.990570217,4.1398002693,3.24496393723,4.6480843911,15.604447298,1.08979044601,0.602862799922,0.101290713347,3.27669355828,2.92431170913,20.0619681855,2.81905479316,0.3722128623,60.5895377542,10.52722521,143.957290697,0.0,
0.0,0.0,0.0,0.0,0.0,0.202287311709,0.0,0.0,102.158143504,0.042105051306,2.36764636329,0.0,13.1971673334,0.0622422497566,0.0,3.12858837747,0.205643511451,3.81935530615,3.18655910029,0.0,9.29057110338,6.43169914152,8.37371835574,12.7444057467,
0.170250859628,0.0,0.0,0.0,0.0,0.0,5.64873909527,2.15904919992,1.69099076681,3.43903950428,0.776537622074,9.36086353934,1.81548088461,0.0,2.2542475253,0.0,0.0,3.40028890389,0.0,0.0,4.86670926212,7.46421997988,0.0,0.0,
0.0,0.0,0.0,0.0,0.0,0.0,0.0,6.94209954075,0.277061508637,25.1582392633,35.0676410347,0.0,13.0740687892,45.7377288278,1.74445004942,0.127240802975,0.0,0.135174282297,1.21565313922,84.4335793556,0.0707910462596,3.17125579214,2.1072541615,110.593922287,
0.0,0.0,0.0,0.0,0.0,0.107104846804,0.0,115.019010071,1.42806462405,0.0704878051616,2.85796010019,5.98749659255,0.0,0.0,0.0,0.0,51.769783758,2.23058812005,0.0372273256697,13.0719787243,3.89879950887,3.68855666144,2.27330800196,4.19387183611,
4.34186571274,0.0,0.0,6.9503427397,0.0,0.0,0.0,22.4283352227,1.10127703155,12.0289112174,1.58279965715,2.50678603884,1.29565593681,4.85489542032,7.45871833808,0.0,12.7151877605,0.0,28.3954929816,13.5686850886,11.7753578517,3.5235372356,30.849641251,0.0,
0.0,0.0,0.0,0.0,24.2298280422,0.0,49.2985135241,1.87941905107,0.915144947905,1.88430145159,7.52539508,18.4876358655,24.5738563454,0.0,7.15149616509,16.7201285882,31.308369028,36.0471343754,22.443174601,4.2641665562,13.1080248023,46.1032875323,16.5473708203,0.0,
0.0,0.705811620299,0.0,0.0,0.0,4.16346465515,0.0,0.803154424828,37.2667314918,37.3744493915,0.0811698620837,0.0,36.294889621,6.399235605,4.36516871093,6.536645988,5.13475665144,1.67252636872,24.695777964,12.9557474981,0.0,0.23649113953,0.0,3.52722720235,
9.53166094754,0.0,0.0,0.0,0.0,0.0,0.0,3.41276284508,0.0,2.44941410564,0.0,1.23523462061,18.2093356596,1.71919759202,0.0,0.0,0.407981395196,10.153762846,9.9206306202,0.0,0.0,4.68949744306,13.8097277644,4.4816924093,
0.0,0.0,9.11670177415,0.0,0.0,0.0,0.0,0.0,4.87188340617,5.04123673765,0.0,4.385397485,144.518418766,6.69771071202,4.22071221809,3.83083492,10.1871755696,4.54111041279,14.4847446704,2.34836619653,119.872254857,0.0,2.35874099522,0.0,
1.03625930398,1.34105775033,0.0,0.0,0.0,0.0,0.0,0.0,0.0,3.55632038227,11.9023070915,11.1620554186,0.0,0.0,0.0,0.0,14.8015488053,10.1865465158,0.0,0.238613688455,0.200777246807,2.8160687094,14.4797621124,0.0,
0.0,0.0,0.0,0.0,0.0,14.123147827,0.0,4.52220221538,6.27481874093,0.0,6.52959499421,0.62244737328,8.05398081622,4.27718984247,4.00380119224,0.574848456499,1.29340902712,0.0,3.69532359696,6.60282409695,0.743275392798,0.0,0.17300375522,10.3759536156,
3.20529885113,0.0,0.0,1.51394163373,0.0,0.0,0.626690067651,0.0619367496266,9.63284265622,1.288175023,4.1533397834,12.397974832,0.0,0.0,0.0,2.53971184183,0.0,1.09655506482,38.066387342,30.2080478179,51.1958337962,55.5640844095,12.2214309273,0.00183064284611,
11.8372397853,1.277575875,0.0,0.0,0.0,0.0,0.0,20.1402266888,1.81559198087,0.00122036093488,5.72135715294,0.0,31.7611059908,19.6858158374,19.9976200555,24.87392911,0.0,44.4689059729,3.11649673745,2.72445578712,52.6200749963,19.0461486262,4.15868497583,3.91400260839,
0.0,0.774269032248,0.0,0.0,0.0,4.49673976963,22.2875384905,0.863044559586,0.0,67.1548730495,1.3093627606,6.37841486455,25.9676044227,0.0,0.352051403946,0.0,0.0,6.10934264767,17.9283855347,11.1902925027,0.0,8.90287358869,20.7300528004,30.6447422873,
0.0,0.0,0.0,0.0,0.0,0.0,0.0,5.04549496636,0.0,19.442238312,0.0,6.84527853961,16.3902324391,7.02891747369,0.362397099156,0.0,0.282779554644,8.57002028929,6.5563980237,9.32725024,14.8506548638,1.94803693199,18.800722235,4.41587576379,
5.80842017258,0.0,0.0,0.0,0.0,0.0417881240144,2.22758153049,5.39585338551,13.956324785,0.0378228275751,1.7441203877,0.0,1.17311770043,0.0,0.0,0.0,0.0,0.0,0.0,6.44086150868,0.0,0.0,28.799643016,7.11770710859,
4.10133660947,0.0,0.0,0.0,0.0,0.0,0.0,45.3548560328,0.0503241356857,3.98933148345,0.906444431866,5.67595251582,36.3986848546,0.0,0.0,0.0,27.0722500356,0.270530353656,1.10286105842,1.51765393438,4.18208817286,1.48227454202,4.63897032594,55.2584464209,
69.0499268651,0.0,0.0,0.0,0.0250070431907,0.0,0.0,66.6053633477,26.2287343985,0.0,7.84062293211,0.0,0.0,28.6910076022,1.46016735118,3.30702898,7.75431813671,0.0,7.44599959201,0.0,0.0,21.355174726,0.275992366922,0.0,
3.00084518289,0.0,0.0,0.0,0.0,0.0,0.0341521985345,0.0,107.040003605,0.951992534148,0.507099162168,1.56093843123,26.2340774626,4.45015344118,6.92541238585,0.0,18.6861314839,63.7956365801,2.38692616741,13.9807806056,14.2952071847,6.39682875764,16.0408607492,1.20874388384,
42.3060359346,3.30840449281,10.2947449728,0.0,0.0,0.0,0.0,1.14243771399,5.71554240367,0.0,0.91895043234,16.0383376219,33.1868975285,10.7043905524,24.2932890427,11.8637293539,82.6483277802,35.24973792,35.7290030656,19.3882076949,7.87754556084,12.9119548305,11.324981705,0.0,
0.0,0.0,0.0,0.0,0.0,0.0,0.0,5.88064964199,0.0,9.51573861716,1.86388242152,0.263699426662,17.1307484128,0.23138481484,0.0,24.1414538698,0.0,4.74049258335,8.31430573799,7.8119049806,6.97050565391,0.0,0.0,0.0,
0.0,16.3349241518,33.3736613259,0.0,0.0,1.35245490691,13.6364154092,0.0,0.000304812915689,0.0,1.09366874149,20.7987159207,0.0,2.34279206999,34.106165559,6.75695685,0.0,6.68881947,4.96479277075,12.1679015931,5.59026887374,0.555978758217,0.0,137.280421717,
0.0,0.0,0.0,0.0,4.99941815693,0.0,0.0,9.63311442967,0.0,34.1529381555,13.0916243812,20.2670877491,14.5752361581,0.0,0.806416754648,9.99030280324,0.99933504856,1.46105892736,0.0,0.0271243730777,5.76743411374,5.39835977894,0.0,0.0,
43.3922920232,3.59169367102,0.0,0.0,0.0,1.47362976564,0.113965577409,0.0,3.54116036114,2.38535438491,0.0,0.257489071953,16.213668112,1.99037330819,24.0945613102,0.166377554185,4.199912395,7.44590147,6.47154113365,11.0543562879,26.2713838368,0.0,7.42848354565,0.0,
0.0,0.0,0.0,0.0,0.0,0.0,0.0,0.0,0.416180031888,22.4987047107,2.93367315304,7.17346914408,0.0,17.4284703053,17.0128059888,3.07229827347,0.0,0.0,0.0,8.19563898814,0.0,1.37680641589,0.0,0.0,
0.0,0.0274155874217,0.0,0.0,0.0,0.0,107.138592556,1.48348789715,0.0,7.36930989896,5.17210287593,0.0,0.0,0.299134520535,0.0,0.0,0.0,0.0,0.0,7.43510730877,2.80705153435,14.7139457692,0.0,10.3116116646,
0.0,0.0,0.0,0.0,0.0,0.0,0.0,0.0,46.3997055059,3.88286004828,3.11871416537,14.8257702008,0.0,1.18657328011,0.682827847536,3.73301557861,1.67630886389,4.09209409433,0.210147731846,54.7121142672,1.39093433528,7.07284170532,2.17700867716,6.48229612264,
0.0,0.0,0.0,0.0,0.0,0.0,0.0,0.0,2.79808243357,8.3832851756,1.24907325525,1.37057014185,5.33459638195,4.00482970577,14.8655551556,3.21555669806,4.97023642828,0.0,0.0,0.782573931252,0.871793449484,16.5896538321,0.0,0.0,
0.216197467389,0.0,42.4258580219,0.0,0.0,0.0,0.0,6.65845705099,6.81463593934,2.76281366822,2.43645154675,0.15526556152,0.0,41.1709469541,0.0,0.0,5.67632626381,94.8815668758,21.8756998491,15.7816787805,0.125125776048,0.0,3.4353266592,1.78555395748,
0.0,0.0,0.0,0.0,0.0,0.0,0.0,24.2966967628,3.69880561061,1.04736587443,3.14301075833,0.676328675674,5.23530748046,0.846171790447,0.0,7.49440353395,2.87272279073,0.0,0.102271122874,11.6662130879,10.7722538977,2.40337138754,0.0,0.0,
8.64617117965,0.0,0.0,0.0,0.0,0.0,0.0,20.840176333,24.2548576208,2.27625131742,0.0,121.652851826,8.93185192748,5.33001896051,0.0,0.0,0.0,13.7028503439,0.0,24.9681641834,0.169501602113,0.0,0.0,14.5859628202,
0.0,0.0,0.0,0.0,0.0,0.0,0.0,0.0,4.51617236769,0.0,0.660509984522,0.0,4.03546956919,0.0,0.0,29.4221212592,9.042587408,23.6055042171,12.0053627662,14.3471530816,48.3593100137,16.4926696227,6.5783265248,59.8103808555,
0.0,0.0,0.0,0.0,0.0,0.0,1.57925146951,0.0,0.0,2.84247014303,16.2189612591,0.0,0.0,0.0,36.2917584425,2.27123858298,8.67432461625,9.392737833,23.3041254187,18.2304412507,13.4303292344,25.9761316441,0.0,0.0,
0.0,0.0,0.0,5.3660661243,0.0,0.0,7.2177025649,0.0,2.52125434867,11.8092378936,12.3483989068,25.4249090676,0.0,16.8651947605,0.0,9.59268706171,5.7456555038,19.0178698738,29.0639107917,0.0,57.6497837307,1.4414118457,6.845535444,31.133861627,
1.60014960592,1.8169968,0.0,0.0,0.0,0.0,0.0,0.0,0.0,10.8363053089,12.7833397298,0.891380139071,1.51644070044,0.0,0.0,5.78697849496,0.888035943461,13.5570649869,7.24504778111,5.57142988698,3.56977680524,11.4927842419,106.491348947,49.9486016196,
0.0,0.0,0.0,0.0,0.0,0.0,10.3195911714,5.23836343884,0.0,24.6669238814,12.1462557648,15.0111709824,56.6974198417,7.72001342306,13.058150336,0.0,13.9619053255,0.0,3.27188757871,0.0,0.204549961958,0.0,55.5768021452,0.0,
24.074829059,27.658476706,0.0,0.0,0.0,1.26038885472,0.0,2.22938115406,5.03343454549,55.1793893214,0.0,0.0,3.38645944691,3.15704922866,8.54925284866,0.02947389559,12.940559437,3.55509874642,11.2718558563,15.5488715858,17.9428265771,26.5659014093,0.0,0.0,
0.197505485912,0.0,0.0,0.0,0.0,0.0,14.9150560393,0.0,74.0455071267,79.7612239177,18.700905297,0.0,10.7042106866,0.273392065894,26.0302327209,8.9364246729,2.38701650422,9.18506210715,0.0,14.9147522704,1.77431450765,0.0,59.7853769697,9.14555056,
3.69170419645,10.9640695843,0.0,0.0,0.0,0.0,84.6348858604,16.7194418165,22.2099879521,4.74349173884,3.72069531269,0.0,0.0,56.7457660896,0.0,32.1976227279,43.4834866894,14.0109141072,0.0,149.051625146,1.00305718396,0.843017481883,20.612314532,72.7282721959,
69.480006748,6.78735408694,0.0,0.0,7.56241849557,0.0,106.327421894,4.09360301061,15.102650277,1.16396276644,23.51875233,0.410756813509,0.0,12.6278120162,3.12575916622,9.72154817605,0.518834733398,0.989095120778,0.0,1.86161181111,9.27425649623,2.61056750877,0.0,38.9158069178,
5.96735840823,20.3885585194,0.0,0.0,0.0,0.0,0.0,1.19395330707,129.0962772,8.821140923,0.0,4.77733070832,0.0,21.819542211,12.6730829291,15.330190505,0.0,0.549327779814,3.9424131822,0.0,0.0,0.0,7.12365836895,7.67784208494,
0.43915872784,0.0,0.0,1.24818637726,0.0,0.0,0.0,7.37473657559,4.66750102764,3.81494786282,0.0,2.85529460291,5.80342951487,0.0,12.3083191426,0.0,0.0,0.0731193283712,54.2360342695,0.0,1.78914804732,2.06129758072,0.0,0.0,
23.909785183,7.909992736,0.0,0.0,0.0,0.0,0.0,2.59049168173,0.0,5.80062678997,12.9149498688,0.0,0.0,0.0,0.024264059775,0.0397323978816,10.2318507064,0.0,24.3333591445,39.279685406,1.10704772724,13.3330431071,48.2262691123,0.863800527991,
0.0,0.0,0.0,0.0,0.0,0.0,5.43636082446,2.0129391809,1.88135074823,1.543311657,26.9240848417,0.0,56.9465986466,6.87291841432,8.07843824912,36.323658737,5.271561966,0.484815446643,7.95746178683,92.7944041654,4.12684367996,0.157966759037,0.783163413807,14.8737376801,
0.322603899455,0.0,0.0,0.0,0.0,0.0,0.925045732371,39.340206695,1.24662945519,82.6330743978,68.9965303136,0.0,11.0484164602,0.0230352148297,3.82202709214,47.3537336013,0.22004692061,8.32268373695,0.870265759,0.0,32.3935739492,11.8100940242,0.0,0.0,
0.622860085197,0.0,0.0,99.0480194018,0.0,0.0,0.0,73.993328054,0.0,5.56286137893,12.6015777566,1.32436095247,0.535379959508,0.0,7.08628550819,9.88862237604,2.82839384381,2.83202970092,19.9902453811,4.49058651945,4.30879366393,3.9894442144,3.44921644541,3.52920530184,
38.4230547463,23.500960903,0.0,0.0,0.0,0.0,0.0,0.0,0.0,16.5471690702,73.2926949242,0.498538251415,0.883799889204,18.3877856235,48.3585132659,31.7044280337,1.26027804626,12.1372559836,0.0,0.0,11.0762720864,0.339224083588,4.24030104484,0.0,
22.0831849629,10.5268920455,0.0,0.0,0.0,0.0,0.0,4.3680137922,8.67244659761,0.29610573846,1.54709144032,22.22792752,1.88926360735,3.95110417884,68.7225692507,8.179892469,2.25470289807,0.0,11.5536130407,0.0,0.0,5.968834488,0.0396624250903,0.0,
0.0,0.0,0.0,0.0,0.0,0.904626759971,4.65660332182,18.3425257326,6.11054342048,0.0,18.8764038205,177.345584407,10.6203605333,2.87640439169,11.9828997349,0.0,34.7659352775,0.0,6.74702052861,4.11727749837,0.0,0.0,0.0,13.1435700676,
44.8938810439,43.6434169594,0.0,0.0,0.0,0.0,0.0,49.4989252804,43.7353352116,0.121013911476,2.82900271552,3.1330501681,0.0,27.4467596969,16.2109487107,8.76594521251,0.0,4.09361998898,7.8916197021,55.6119170671,12.4792570861,2.16887182842,0.0,2.9542521139,
0.0,0.0,0.0,115.282420387,0.0,0.0,0.0,0.0,10.9295812637,0.0,0.0,1.31731983024,1.64967393801,0.0,1.38506079488,0.0,5.06152020173,5.49427609638,0.0,0.0,7.59454841525,1.08113369906,5.19911903616,1.08264577417,
0.0,0.0,0.0,0.0,0.718247494299,0.0,13.2340728337,95.5571460134,4.33185462681,3.50992073077,52.3187073151,113.785863241,44.740833499,11.0348933215,0.158401383423,0.572542404967,29.6842378778,0.0,11.6247269718,151.272111998,0.418373119575,0.0,0.0,14.0442173138,
0.0,0.0,0.0,0.0,0.0,0.64361758346,0.0,0.97177190066,2.50648256094,89.3374444309,55.6623450935,0.0,15.6553178399,0.0,22.284369822,0.0,9.52100771701,0.0,0.107873933002,1.7664734239,0.0,0.0,2.65424265404,12.6571118624,
2.383294136,0.0,0.0,0.0,0.0,1.55097809183,43.8538677913,113.87622456,13.2355956951,3.79060857885,0.14920801896,11.5180133503,0.0,0.0,0.0,0.0,1.58118214425,47.4445255431,6.48420597377,6.74698122983,45.9137841664,75.4237474629,10.2138023667,11.7478661892,
11.6201030475,11.9902213833,19.785580988,0.0,0.0,0.0,22.8060297347,8.65306157384,30.2399760427,15.9381659239,4.05375450096,34.4513279108,18.517847179,48.2634479111,9.38338347283,0.54766594658,0.211035554939,8.33062098346,5.97873690195,2.38630189734,38.437549059,6.06487325457,3.51967453431,0.014189801262,
0.0531362770662,0.0,0.0,0.0,0.0,0.0,0.0,53.8119024937,7.83416512672,4.28615744587,0.311435223836,0.0,4.32025839577,4.7050257508,2.69608749007,0.0,0.0,2.07864905211,63.5348981107,0.0,7.04833438751,5.04211213164,0.0235387087783,2.31041480008,
4.98718847782,0.895277901034,0.0,0.0,0.0,0.0,0.0,0.0,0.447638950517,3.25593991367,0.0,10.8837780136,0.749885735165,6.15925857858,2.29068072118,0.0,2.70755203493,1.98734025,0.0,0.00211150448357,31.1262908793,115.709239126,79.8139645485,0.0,
0.0,11.260352857,0.0,0.0,0.0,0.0,0.0,47.9256199433,26.171134634,0.0385927963609,18.2375083303,2.47446156042,0.0,0.0,17.6170085263,0.0,0.0,7.70197642999,82.6783257475,0.0786931238296,0.00120602488628,5.0686210908,118.677371403,0.0,
0.644620301715,0.0,0.0,1.07015246459,0.0,2.26778296143,0.0,0.0,0.0,7.40909556235,0.0,0.0,0.0,0.0,0.0,4.33967769363,0.0,0.0,174.490795057,127.335485893,5.08977892831,1.20426055998,0.931222505091,25.669178096,
3.197914368,0.0,0.0,0.0,0.0,0.0,148.520784278,10.7332267575,7.5577194473,0.0,16.569147705,3.1071293782,1.13049506121,0.103018734595,8.76472549853,15.8040378048,6.89532705732,2.34714029228,0.0,102.465686651,109.123950129,0.681971974041,0.0,0.0,
0.0,0.0,0.0,0.0,0.0,0.0,18.4697422261,0.0,87.0527169053,7.01907409761,2.84791412042,9.148578888,25.8133134101,2.92649595628,27.7128930346,10.99283064,39.7270978787,4.02814705752,3.55575280285,0.0,29.7736161069,8.96495304468,1.125023852,0.0,
1.10195218107,0.0,0.0,0.0,13.1327120926,0.0,4.27685848441,34.1649130126,7.50827604743,2.52934108932,0.734577227726,5.21005143123,13.3349390066,2.56154091045,0.0,8.2058385275,0.0,12.5786627406,0.777610633529,0.0,0.0,14.2437563878,13.7890467643,0.554318416006,
0.0,0.0,0.0,0.0,0.0,0.0,10.2892060833,5.49591831016,8.52270388126,0.0739927705943,0.0,5.6550328453,36.3893835595,18.1816505729,0.0,38.1277903737,3.45757758207,19.1982968457,0.172048230813,0.0,0.0,0.838283949782,33.9123397787,0.110688372271,
5.25619376478,0.0,0.0,0.0,0.0,0.0,0.0,4.88346602994,6.6532865494,23.0130781289,0.0,0.36256217878,7.14091163562,0.527007876784,0.0,0.321375596282,0.0,5.79558348468,3.04059193713,3.41968887531,34.3856856422,0.18428740928,0.0,1.39613495709,
0.0,0.0,0.0,0.0,0.0,0.0,0.0,0.514117917894,76.7949742746,0.0,15.9439654935,0.0,28.7581735177,41.7855013932,0.0,3.38037789381,5.9545732197,6.0798725603,0.0,1.33412247542,1.49337583398,29.3317643431,0.0,5.36623722716,
0.649576356,0.0,1.18296749148,0.0,0.0,0.0,0.0,0.0,5.12829471552,0.0,81.494177765,27.812921434,9.61450146537,0.0,0.0,6.24368980649,0.0,7.14345385942,41.382839677,0.0303324997814,0.0,0.0,0.268487671333,6.06259577315,
0.0,0.0,0.0,0.0,0.0,0.0,0.0,0.0,6.8356176152,0.835054152087,0.0,67.0183485618,86.3584668678,0.0,0.0,0.733598974731,0.0,14.4225438367,1.32041812187,14.5552875347,12.1971335263,0.0,0.0,2.15036949876,
0.0,0.0,0.0,0.0,0.0,0.0924007571023,3.33842735401,17.415914328,36.4951045431,3.46802841592,49.9090089385,21.1978736886,6.18245065702,2.02321657759,19.1197566612,8.63827077923,31.780409655,27.2996047712,0.0,0.00540004424624,0.0,6.77075547741,1.87261534361,1.26751038557,
0.0,0.0,0.0,0.0,0.0,0.0,0.306735745714,4.72486987386,30.3866282286,14.2186860191,0.450658676254,6.13416856076,6.84780669,8.8200053,15.687874663,11.888080105,13.975355179,0.0,61.0491087408,37.5825330441,1.74866360607,16.2003248689,127.982566465,15.6177136643,
29.252835344,0.0,0.0,0.0,0.0,0.0,17.2132867949,0.0,0.718618762781,1.88045568659,24.1471487354,11.5068904309,4.19543898204,16.4632284057,5.62878074284,3.2241948577,0.0,4.72975810383,1.46091178839,0.0,14.3034815087,0.0,13.829616894,29.6365342023,
0.0,39.174451008,6.237598598,0.0,4.84961421813,0.0,0.0,0.0,2.71053660289,0.0,3.81721425457,11.3854517594,137.617665739,32.9700710328,15.4809078376,24.1717048226,9.989750039,1.8516423213,0.337843678239,0.218040955459,0.0,0.0,29.4473185698,11.64392116,
0.0,0.915073964039,0.0,0.0,0.0,0.0,0.0,18.5128774495,17.8180496269,8.291562064,18.19646587,40.0535688306,14.2777250923,0.0,8.85708980109,0.0,0.0,0.0,3.28492694843,11.0421730808,0.0,13.2706928529,32.6241678746,22.8804411479,
0.567543420287,0.0,0.0,0.0,0.0,0.0,5.47323392902,0.793087900837,4.94640337701,0.0,8.58335909578,30.3916309582,0.0,0.0,17.2525787074,2.72599658711,0.0,0.0,0.0,0.0,7.02350986343,3.96710968,3.02157216087,0.0,
8.36407073995,0.992054711655,1.17563566191,0.0,0.0,0.0,0.0,0.0310951446691,45.3008419145,38.2320783542,0.0,0.808174769622,13.503314552,0.0,0.0,0.0,37.657637221,13.8460680155,11.6875885107,38.905407833,25.7537806667,0.519049722554,0.0,9.109967706,
3.84503423505,0.0,0.0,0.0,1.35303849321,5.48028400298,0.0,58.8957217085,103.860346334,26.634359544,37.5747031994,1.04436164615,0.0,0.0,0.0,0.399815703162,13.3941248718,3.80093852333,9.12882640627,17.7655029896,2.76703543444,0.0,9.98075059888,5.98737462201,
0.0,0.0,0.0,0.339850076355,0.0,5.01413249736,0.0,6.63155605934,0.0,2.96547562232,15.2944479881,30.2756246843,0.011049607052,35.2340480733,43.052225012,20.3051122602,0.344031008753,42.6165425712,19.4246119213,4.69638163511,13.4288562245,98.3205981004,3.36684513253,3.03744738717,
0.0,18.0361230693,3.90562304918,0.0,0.0,0.0,0.0,0.0,13.3616718851,0.454850185462,62.8743828544,16.0480934857,0.0731222411011,0.0,17.77628536,10.8703372084,0.567667357446,0.0,0.0,46.779718239,29.545882132,7.60113157699,17.2777409687,0.407395343278,
5.52117689032,15.1819627996,0.0,0.0,0.0,0.924059819508,0.0,2.83183470833,0.0,31.4690391018,4.31217973229,0.0,0.380302217518,0.361510813829,1.25156714095,0.0,1.9757818736,24.0490001359,37.7707214152,27.117541617,35.260337068,84.8418887603,0.0,0.403866041192,
0.0623397360481,0.0,0.0,0.00387520155755,0.0,0.0,0.0,0.0,0.0,0.0,18.8782921959,0.0,45.0241783426,0.0,39.9598860917,0.0,0.0,0.0,12.8904108425,4.06250234797,0.0,8.83337290421,0.132353037812,2.17994992233,
0.0,0.0,0.0,2.37491218143,0.0,0.82520154824,18.0117367539,50.0757323635,16.6503031526,61.7477167173,0.0,0.0,23.0147818084,0.0,0.0,0.0,0.0,0.52461369186,0.0,0.577938990464,0.0,8.43010807,0.0,0.0,
0.0,4.1743193555,0.0,0.0,0.0,0.0,1.5338487497,0.0902088841535,3.28473471573,70.4814218374,27.4714335561,95.8095364469,9.8449748554,0.0,23.9187854486,2.04086435931,0.984854748448,0.0,0.0,12.4363218114,1.74969508967,5.85702765,0.0,0.229839137183,
0.450151263499,0.0,6.65782083806,0.0,0.0,0.0,0.0,0.0,0.0,15.6643406838,0.0,1.47336679582,16.457069975,24.600346004,2.23474515416,1.13983606518,8.589852372,4.28886953,0.0,1.91966126144,0.0,9.23621273074,22.3578650791,5.92708803302,
0.0,0.2506562672,7.81405302729,0.0,0.0,0.0,0.0,0.0,59.2461619465,6.56903072835,60.1705870173,3.73278621403,1.52475129087,69.2578430531,9.92931837114,0.0883095033906,9.67836476554,12.1031593788,3.31116036956,22.5436024514,4.34589798504,6.32171162151,0.0428167289167,7.55239523947,
0.0,0.0,0.0,0.0,7.72964282012,0.0,0.0,3.07991188369,6.29799031459,1.27742799691,1.89846184514,9.65187629582,0.0,1.83398129727,1.74543197345,0.795161042042,2.96669949318,2.07526334739,0.203544586621,65.322657891,11.1702891975,0.0,0.136984021069,0.00594290763858,
10.2699386902,0.0,0.0,0.0,0.0,0.0,0.347135301189,0.0,138.179745566,15.7553102439,0.0,0.0,2.52170485688,0.0,5.2702800047,5.55386786837,12.0523357308,7.39907386469,23.8436616536,3.67832760977,0.0,12.0223437159,4.8296052511,22.496683732,
0.0,3.51297642228,0.0,0.0,0.0,2.1301017705,11.2273990506,5.26174902378,59.4588619593,0.0344234891861,0.0,5.29706277562,0.151344650732,0.0,0.0,0.087839248268,0.0,7.71560964516,10.4700822885,7.71323561142,4.2967043097,0.0,4.8062313005,6.19682156193,
4.72343687392,0.0,0.0,0.0,0.0,0.0,3.62243332918,14.818317527,3.56371521218,0.128112255277,17.456796756,15.0859783559,0.0,1.89380755139,0.0,0.0,0.0,0.0,0.0,0.564939459034,1.59250650657,9.81007732537,7.98121557006,0.0,
0.068801025982,0.105206547804,0.0,0.0,0.0,0.0,0.0,0.0,25.3435164749,14.2422133567,28.247107961,3.00594370247,14.5969626687,0.0,0.0,0.0,18.613618052,15.650399104,0.0,6.9889746954,21.517258056,2.55488915104,0.0,0.0,
118.806939049,0.0,0.0,0.0,0.0,0.0,0.0,0.962800681664,14.3209723841,12.2045885595,0.424094302105,0.0,4.02563816237,1.71207343608,6.80979356326,0.0,7.33013831801,0.0844042430865,11.3688073109,0.0,6.7088046268,7.38966552103,0.0,6.88738623586,
1.90013201278,5.20550833533,0.0,0.0,0.0,0.0,0.0,4.35405302345,5.62280134533,0.0908574142332,0.0944088441055,1.05033538473,12.7664129586,5.87031211032,7.56058474064,5.53732316596,0.0,20.38443285,19.881730402,32.2425439532,152.320235318,9.7815257258,0.0,25.6176474789,
36.183151349,7.90613220925,0.0,0.0,126.329760535,0.0,0.0,26.6006373354,27.9925732485,14.5807592417,27.4933422205,5.39444843454,0.0,17.9651194164,1.62927721633,0.0,0.0,3.97308225163,1.05996179766,17.8454648017,2.05840795529,1.73545084506,0.0,0.0,
0.0,1.65444761835,0.287858517377,0.0,0.0,0.0,0.0,0.0,0.0,0.0,36.6822695854,17.6755178119,2.54728189042,5.89784863735,0.0,8.15993189402,8.667074736,0.0,0.0,10.8700577712,2.51979642624,2.79583323859,10.2048231431,0.208653093704,
0.0594040677544,0.0,0.0,0.0,0.0,0.0,0.0,1.88719451998,2.66510850521,9.22864700475,0.0602484635487,0.0,3.17899245901,0.0,0.0,0.0,8.53874302999,0.0,10.9522255992,4.41319995494,0.52924140529,10.9900285567,116.992474801,0.0,
0.0,0.0,0.0,0.0,0.0,0.0,0.0,0.0,7.25334262498,0.0,1.92186870545,7.85451684995,0.0,3.09913133844,12.3377950294,0.0,4.19818524801,12.123911148,1.9271809961,43.291627252,22.093545465,23.8262138097,1.17755776025,27.0923871763,
3.87147937317,0.0,0.0,0.0,0.0,0.0,0.0,5.11387176231,108.927827878,0.946685603057,43.5917753856,2.34223584408,45.543781874,16.7397157614,0.0,0.0,0.0,3.56201517562,0.0,13.8578846735,2.63803823033,0.559163832834,2.61945841943,7.77432373277,
0.0,0.0,0.0,0.0,0.0,0.0,0.0,48.3401640721,0.0,0.0,3.66615237068,113.258174057,3.14010076443,15.3397827207,1.98632371209,0.0,0.0,0.0,0.0,18.0077632201,7.96091430781,117.955800165,0.0,9.87120367008,
0.0,49.7914065638,124.341576348,0.0,0.0,0.0,21.5958895285,39.7414784827,0.0,61.136959618,51.0944806694,34.302628338,167.138719372,6.928814464,0.0,0.0,0.0,7.27725994298,0.0,9.52307696071,84.459329371,27.2950540423,31.7613521545,20.4812816751,
0.0,0.0,0.0,0.0,0.0,0.0,0.151849311574,0.0,0.560017906832,34.1434354201,103.762519116,1.53497288599,26.343046731,10.4113463545,0.0,0.0,0.0,0.0,0.0,7.25963307601,82.466830294,0.0,5.51778021708,0.0,
2.01994898187,0.0,0.0,0.0,0.0,0.0,0.0,0.0,1.8332161736,0.852501393529,7.7948445803,0.0,0.0,7.07173284291,4.07665637064,0.0,0.108510870718,0.0,0.849266652126,23.341305833,8.67234170285,32.9570157561,0.56902041962,2.22961902923,
11.8159222123,0.0,0.0,0.0,0.0,0.0,0.0,0.866863928793,63.2352258619,5.58936230155,0.0252712874157,0.0,10.1105719315,1.23182833542,14.6344262311,2.52183940234,3.08456632561,0.917700355804,0.0,14.1718426134,26.3286230807,0.0,0.0,0.0552442096994,
2.14805943033,0.0,0.0,0.0,0.0,0.0,0.0,0.0,0.0,1.69251793562,3.73504998979,0.156507990924,0.0,1.08527867628,0.0,0.0,19.8712293993,4.8009486897,0.0,0.0,19.9995483337,0.022316336417,1.61206167012,16.6309560787,
0.0,1.26874348507,0.0,0.0,0.0,0.0,0.0,0.0,1.24116210496,0.570112995258,0.0404918133534,1.3168641908,0.0,0.0184853930526,20.9357345984,0.0275813801103,3.21587155328,8.84863489347,0.0,0.7488051281,10.4389655339,62.3697161596,5.05648854724,0.0,
1.61615150689,0.0,0.0,0.0,0.0,0.0,6.12086479309,11.2891194256,19.1771068527,3.39086996225,7.83902285437,17.1346684474,0.907750402347,7.59273398552,2.2312598714,2.37698078547,6.2319879851,0.0,59.0308643162,10.6505275728,13.7654953617,6.00094557004,4.03298022748,0.669084760386,
0.0,0.0,0.0,0.534985784318,0.0,0.0,2.31163079861,41.9424753152,14.6637669798,23.641039388,0.765855881822,0.0,0.0,0.951020731597,11.4384395123,1.77166431422,42.0554104398,44.3377252675,39.864909792,18.6600748271,11.1749455254,16.0546530719,0.0,0.0,
0.0,106.644766335,0.0,0.0,0.0,0.0,56.0904570296,86.1905888164,0.553907535362,0.0,0.0,0.0,11.2048136,16.88671401,0.0,3.8384152728,0.0,0.0,0.0,32.4387223748,34.882321907,31.638078239,162.312627555,10.7394239533,
0.0,0.0,8.88160334349,0.0,0.0,0.0,0.0,2.46028603817,0.0,7.7283991149,21.5191653605,0.0,2.98657076857,0.899276965675,0.441154737878,0.0,20.4124932202,4.24333519425,8.61576333085,14.7128615598,122.025214263,0.0,0.654125990647,0.0,
0.526577273329,0.0,0.0,0.0,0.0,0.0,2.94865510681,14.714627948,1.41571693093,23.4693887088,2.95128600757,0.0,7.41153976189,0.0,0.0,0.470054269035,1.67676075074,31.8490999502,9.9532822179,1.6399281401,1.34117474274,0.0,11.2479777139,1.42097873245,
10.5654586672,19.2968253268,0.0,0.0,0.0,0.0,0.0,12.570573612,0.0,4.06079038816,5.3635615816,0.0,0.0,0.0,5.24847372281,0.0,27.9210740061,0.643790966444,4.06225089398,4.27811365451,0.0,36.2538439243,3.95196804,0.0,
0.0,0.0,0.0,0.0,0.0,0.0,0.0,0.0,1.26208726007,26.4924491582,8.248786931,49.8509873748,0.0875638709574,6.03752890251,5.66917688535,24.2242530208,0.0,0.0,0.0,5.10555743596,0.744876662278,6.63064397148,13.186854276,0.516043079509,
0.0,0.0,0.0,0.0,0.0,0.0,0.0,0.0,0.0,0.0,0.0,0.0,0.0,0.0,0.0,0.0,0.0,0.0,0.0,0.0,0.0,0.0,0.0,0.0,
0.0,0.0,0.0,0.0,0.0,0.0,0.0,0.0,0.0,0.0,0.0,0.0,0.0,0.0,0.0,0.0,0.0,0.0,0.0,0.0,0.0,0.0,0.0,0.0,
0.0,0.0,0.0,0.0,0.0,0.0,0.0,0.0,0.0,0.0,0.0,0.0,0.0,0.0,0.0,0.0,0.0,0.0,0.0,0.0,0.0,0.0,0.0,0.0,
0.0,2.81387371488,0.0,0.0,0.0,0.0,0.0,8.31591344611,0.0,0.0,0.0,1.48841406945,0.423972492511,0.0,17.0879142006,0.00814772120131,9.77959336192,22.7319888227,25.97548342,1.39093240508,0.0768213713267,21.2949223952,60.514321342,48.1863566077,
1.54341118756,0.0,0.0,0.0,0.0,0.0,0.0,0.0,3.92186837197,10.1730730079,0.0,0.0,0.312284002928,20.2267199439,0.0,0.0,0.0,8.75565559442,2.065319696,13.7986495745,36.958093453,19.9722193605,0.0,0.913590630541,
0.0,0.509905396626,2.46323530062,0.0,8.53328860336,0.0,0.0,7.43038211585,0.0,53.3108271255,28.5105394644,5.99538339566,0.0,0.912309370601,8.33775223189,0.0,0.0,1.18251564916,9.29335271594,0.73449620665,32.7922135127,36.0886888472,2.62216307951,24.7985443948,
0.0,0.0,0.0,0.0,0.0,0.0,37.8347096226,48.5742858838,4.19021151,13.7089854848,4.36672703678,0.159386552968,1.74447518765,64.3573919623,56.5494106391,9.374567865,0.970835397314,1.47686592887,1.00596430972,1.76486494625,12.6525052184,12.973357152,16.001685152,0.195676751731,
0.0,0.0,0.0,0.0,0.0,0.0,0.437469167676,0.0,47.1712443904,13.1478631415,4.42110750357,55.2049147033,47.3606789836,8.63305368758,0.0,0.0,1.74755587936,2.66745954694,0.0,0.0,1.88796375546,12.4649702896,9.15030005758,0.0,
4.11882443147,2.6413541647,0.0,0.0,0.0,0.0,4.87949019472,14.6204982446,11.7168004348,36.4385471429,9.42003335576,13.096327898,5.83260394511,6.94601936945,3.35358058948,6.9184811072,25.4526012326,0.0,2.3506080906,4.58004782728,0.0,3.90318632876,8.61715707352,0.0,
2.23929553581,24.6998636698,1.23276848643,1.38860247274,0.0,0.0,3.47411307009,10.2940223777,0.414205576974,70.7438063068,11.1832609241,1.43552646118,13.0759408111,2.42498537792,0.0,0.0,0.437377916945,0.0796549186489,21.1363602499,6.30924886549,33.384752644,0.0,0.0,0.0,
0.0,8.007277773,0.0,0.0,0.0,0.0,0.0,2.93947556684,0.0680166166016,92.0814744201,42.0539504638,0.0,6.87170665321,8.88557501987,1.32415328065,2.77160476841,0.0,9.30698861039,0.772784537559,5.24393642378,0.0,2.33774558422,12.2707764998,0.0,
0.0,0.0,0.0,0.0,0.0,0.0,1.05330649468,2.31658018187,83.2846726758,0.0,19.2258238389,1.3182237789,9.50058164474,20.9426367927,0.0,9.07746593862,11.9073956614,0.0,4.45095742809,25.0795110651,0.00231368807178,10.4633650936,3.06390142905,0.682827192184,
0.206496660406,0.0,2.45872797653,0.0,0.0,0.0,0.0,80.4461808681,4.51315876932,0.0,0.0,57.8122451609,6.87855939061,0.0,0.0,0.968694896252,1.57788607802,0.260380101886,4.30537487004,18.2725565618,36.2980265674,0.0,0.0,0.0,
0.446200751734,0.0,0.0,0.0,0.0,0.0,0.0,0.0,2.28532450156,0.0,59.046717885,37.343723429,33.9648196296,36.3948178202,0.0,0.0,0.947165070142,0.0,0.0,3.25212592071,2.08924978124,0.0453368646379,9.38935129746,0.695935310684,
0.0,0.0,0.0,0.0,0.0,0.0,5.68905642252,0.554016450154,18.9387060882,11.5927942195,52.0625417023,0.0,0.130424705974,1.07369542241,0.0,1.73620676072,8.37084230154,20.7029022217,2.16528095935,0.0,0.0,0.0,7.43882504425,49.0893200865,
0.376846606198,0.0,0.0,0.0,0.0,49.6160665674,0.0,9.00976233931,2.6189140669,1.24184332116,3.05631279413,1.8522408858,0.0,1.7657414671,2.56672608428,0.0,1.29172465262,12.1626832637,0.708141907773,14.7576658247,2.14662724079,0.0,4.02856626034,0.0,
17.5198805953,4.6043403481,0.0,0.0,0.0,0.0,0.0,42.1178583184,0.12821046586,8.00638345118,0.0,0.0,2.15335959963,0.209746559878,0.127634239047,0.0,0.0,0.0,2.02169177289,2.08824596978,2.30980517932,2.08363615528,0.0,8.44345148873,
6.49494052107,0.0,0.0,0.0,0.0,0.0,0.0,28.7482194552,6.28448946353,9.84317626818,0.26975888164,0.0,1.24371223979,4.18909858542,6.16213351401,31.6349148253,45.665293535,0.0,4.8193849292,0.0,1.50742529805,7.61226743805,0.32877763376,1.99800068152,
0.0,0.0,0.0,0.0,0.0,0.0,0.0,3.56493449603,0.256035482688,1.50830790532,0.0,30.3494104687,10.4491244968,13.7726952064,6.96761729292,0.0,0.0,0.0,3.7749411279,9.46698389246,0.0,3.74876221899,51.022693454,0.0,
0.0,0.0,0.0,0.0,0.0,0.0,0.0,79.0713801462,101.581357542,43.1160715106,0.0,0.0,1.42669073258,2.05250288749,22.5349868846,0.0,0.0,0.734761537874,4.60864513897,8.36869244546,29.0472943167,17.4055280796,0.0,0.0,
0.214449181242,0.0,0.0,0.0,0.0,0.0,0.0,0.0,107.574022145,0.0,1.10476987394,0.0,0.991879972623,0.0,9.590336235,0.0,0.0,66.3077363106,0.0,5.4080869518,5.9952293393,0.0,22.0577675117,0.0,
2.32013163593,2.10124587308,0.0,0.0,0.0,0.0,2.6938629486,35.4547956897,6.53645679973,10.8942860257,200.981752573,19.8715382851,15.7745825954,0.0,0.0,0.645838213569,4.25392103338,0.0,4.76111931043,0.0,2.38012909641,9.16028218206,5.06337159438,2.39677737036,
1.12203625637,4.86001574863,0.0,0.0,0.0,0.0,0.0,0.547268062345,1.70203809327,8.72531156003,31.0666410381,4.75417617053,0.0,0.868515562254,11.6914011998,0.0,0.853313671634,17.6336194638,12.1250853247,8.93354877872,11.1234815125,0.0,3.13675237411,17.49995043,
0.0372876562395,0.0,0.0,0.0728010996959,0.0,0.0,0.0,0.0,7.93818605188,0.0,0.910586983204,1.98053385393,0.0,0.0,1.41016303348,0.0,0.441965731225,2.57526724712,0.0,3.37034697372,0.0,33.2268231671,0.0,2.62972476264,
0.0,54.1814064422,0.0,1.50537321334,0.0,0.0,0.0,20.4004420167,3.56523701668,1.70958384902,1.19433148775,3.22211732307,0.0,3.41802205632,2.40584760123,0.0,0.0,0.0,2.1592482221,52.7550825072,27.3539144051,37.9978501492,0.0919377476184,0.0,
0.0,0.0,0.0,0.0,0.0,0.0,0.0,0.0,13.9132346854,182.171130832,4.82683033282,0.0,4.08413097239,12.9430792078,3.43444790951,3.417468148,0.0,5.72264882922,0.0,0.0,13.9212483972,3.74641026129,3.66426971545,45.5416378921,
0.0,0.0,0.0,0.0,0.0,0.0,0.747602128103,0.0,5.25209084946,60.8001734679,0.0,9.55924006493,15.7675819893,0.0960957593889,4.97409954551,4.12096368165,0.0,10.1115046821,26.1603544979,0.0,10.3969319675,52.6347362096,1.2538208606,0.0,
41.6269097717,13.7508076636,0.0,0.0,0.0,0.0611604281498,0.0,1.05173072706,26.1372233459,1.12803836405,12.4401454042,8.70364335923,4.37411379829,0.0,10.331539615,2.35724865131,0.0,20.6545053383,61.5291054971,10.226663656,0.0,0.0,26.7393963464,0.0,
0.0,0.0,30.5583701432,0.0,0.0,63.190269412,0.0,1.46053493104,6.68464618616,49.7130115057,44.698354448,15.0337424267,5.08702545791,24.7783129707,1.874535032,10.0053469083,0.25789265599,0.358136645195,40.1921277631,6.84429402082,10.0855163385,30.7183567947,0.0,0.0,
43.7366524071,22.4666485893,0.0,0.0,1.78087370628,5.93339172331,0.0,0.0362453462655,28.0105177526,4.77582381423,17.5867877475,2.85539125501,58.3070608877,0.872742274646,0.640429582834,0.0,0.0,0.0,46.116923289,0.0,0.279688498742,1.70039191378,66.8706660849,2.28887934685,
0.0,0.0,0.0,0.0,0.0,0.0,0.0,0.0,0.152581750248,0.0,24.0013123981,20.1757755324,0.0,0.0747222776914,0.310867491159,2.271246,0.0,0.0,0.0966826417457,64.3295961564,35.5004970913,0.0,6.70646702257,1.99040754202,
0.0,3.38329220772,0.198363354104,0.0,2.08965533375,0.0,0.0,0.0,0.0,0.0,3.57510045098,9.19539548394,125.886343598,2.05288971209,0.0,1.05337781145,0.0,29.2409244316,0.0,11.6789274777,0.0,5.38459604755,0.0,0.572859686422,
0.0,0.0,0.0,49.4514031626,0.0,0.0,0.0,0.0,1.41922006796,0.958678456501,0.0,2.3001447459,0.0583865370121,0.441743994662,0.0,120.724560924,0.00113924950268,6.03033243004,5.31858630324,0.872665119049,4.41231332386,0.909690727886,0.0,0.0,
4.76405660781,0.0,0.0,0.0,0.0,0.0,0.0,2.3839963283,7.53736756997,3.269837158,9.74215346681,6.05374896895,3.99011992914,13.209566736,0.0,2.70675800885,11.2969434416,2.62393292151,1.19541363167,10.2876727897,0.384240095894,0.750264365019,1.21590643678,2.72298147957,
5.10242385117,0.0,0.0,0.0,22.6390080595,0.0,0.0,0.0,0.0,1.55585760162,0.0,0.0,38.1087722419,6.91290002738,0.0,1.28763571527,8.99723723116,4.65875533033,0.0,26.1652865911,1.154171509,13.312151347,56.1400069949,0.676385626444,
19.8285091635,0.0,0.290787312263,0.0,0.0,0.0,2.63072978982,8.57922058525,7.03176591471,12.8293201874,55.1648104393,1.3793006226,11.0760688266,14.3068494631,1.02898345102,0.0,0.079021381045,0.0241612136289,7.99849870944,1.19384820284,0.0,6.60169631212,8.81827447539,10.7969357468,
6.41892383726,4.06329598272,10.1139254872,0.0,0.0,0.0,0.0,0.0934580801394,27.7605785332,23.9904098885,11.7498679903,0.0,11.6490241652,9.07878492783,0.0,0.0,0.451098575263,0.0,23.8437412543,9.94405335368,0.0,0.0,0.347982213285,3.14206633563,
0.392864817121,3.37570475928,0.0,0.0,0.0,0.0,0.0,61.2282609598,0.0,0.892258015173,0.0,11.66284821,43.144420592,2.99557956605,0.220580489275,35.889844209,5.813632678,11.294459158,0.0,0.037473133313,1.69196874656,0.0,0.250956438248,0.0,
0.0,0.0,0.0,0.0,0.0,0.0,0.0,3.92938963335,0.697927689388,3.04392934124,11.9788223176,12.6705083773,6.9310461186,0.0,19.355558412,20.5321171064,0.0,0.0,2.298500952,14.0065008526,1.07526257837,1.30166351175,4.43297566939,0.0,
0.0,1.56001732074,0.0,0.0,0.0,0.0,0.0,3.91223536743,10.7877097423,9.62095742048,0.0,0.0,1.57958133294,3.29242477798,2.27282785225,6.55536176946,5.42008198897,0.912987236059,23.9851954223,0.0,0.0,1.34254489526,0.0,0.0,
0.0,0.0,0.0,0.0,0.0,0.0,8.20031011233,38.3401831137,76.3230425103,1.76224916509,0.127514411367,0.0,6.63840025576,0.0,0.610935713127,9.16658598513,8.69478266307,0.625103981057,14.2016490861,19.3860312168,5.46498430583,0.0,0.119863546685,3.40378468742,
0.0,1.83341983244,0.0,0.355695908179,0.0,0.0,0.0,0.0,5.34081937288,0.473789215273,0.0,0.0,5.63732702883,13.0279290318,0.0,2.91948178138,4.70560765151,18.5386668322,0.0,11.3890657988,21.6679978715,2.0157989446,9.93767923081,2.71954443172,
1.88751053186,7.48815490604,0.0,1.56913249113,4.03576121772,0.0,0.0,107.758985092,4.66890504576,0.904289016805,11.1724271203,3.01316459246,1.88358166098,0.0,12.3922974372,0.177744445244,11.2075231573,0.0,1.63026752325,4.50361403299,9.522577396,0.0,0.305392128054,0.0,
0.0,0.307197878299,0.0,0.0,0.0,0.805899406329,84.3354352062,2.05930069431,4.65266178845,3.38766279052,2.31869337792,1.0290846052,7.87427931695,34.4980474595,4.92025773032,0.0,0.0,0.21469906964,0.00961761313275,7.42988901602,22.3329463072,6.900045348,3.36644746744,0.0,
4.51150917218,0.0,0.0,0.0,0.0,22.8793748549,49.5657591725,0.0,0.563446447284,29.5296261241,0.0,2.97526864587,27.0117866562,0.0,18.5366247913,0.465345134084,0.0,8.4225772993,75.3290864653,3.40612282834,0.14107364636,46.9444468498,9.5438159395,3.88419003474,
0.0,1.02172925775,0.0,0.0,0.0,0.0,0.0,5.42200296652,8.49538491799,23.5294415046,15.7904640044,0.0,16.906002475,0.0,0.496736735377,1.25879531064,0.873103818153,0.0,1.90557027496,1.19069886398,4.80630936789,21.405736554,1.14859774136,0.0,
0.258540451007,0.0,0.0,0.0,0.0,0.0,0.0,0.529794615703,0.0,18.0783587112,17.82549569,0.0,0.0,2.35470549346,7.28721762452,0.0,0.0,0.0,1.11437609465,31.344298719,4.43378223163,0.0,0.125388491136,0.0,
0.894663828649,53.8092385212,0.0,0.0,0.0,0.0,0.0,0.0,0.0,0.0,0.0,3.24033014521,0.0,0.0,0.0,19.743184396,15.461128604,0.0,0.482097899653,15.8968113047,3.5194840227,0.504396338806,1.34185797128,3.33460455884,
0.0206048868119,3.42430682936,0.0,5.89280944569,0.0,0.0,11.6583852137,75.3908910484,0.0,0.0,2.59319726277,26.6036874539,2.45326842875,1.66870776863,0.0,0.048805823157,0.0,3.55266896541,0.0,2.80647588882,0.174346813359,1.92035397821,12.5710258952,0.00112845833889,
0.0,0.0,0.0,0.0,0.0,0.0,0.195408101962,1.47698071872,0.0,79.3416108541,102.032354538,0.0,0.0,3.30501928296,0.0,0.0,0.0,1.13945763352,0.0,2.1503350441,0.344854413707,0.0,4.82175836009,4.05055899665,
5.46071183635,4.65440201727,0.0,0.0,0.0,4.89270012545,0.0,0.0,4.07959875092,14.961347129,12.144098831,8.33675516768,9.34657916247,3.24986896006,0.0,0.0,11.5344841782,1.91959565406,18.2231945587,7.00225429821,0.152192285008,0.0,0.0,0.0,
0.28183756483,0.0,0.0,0.0,0.0,0.0,2.77282068661,10.712389744,0.11972455469,9.40471590191,3.53455055927,1.8778444272,0.0,11.4766549601,0.0,0.220856590298,0.0,8.00126241611,7.93900564767,25.1912636103,2.938851342,31.048311361,7.2232310621,17.659694732,
0.0,0.0,0.0,0.0,0.0,0.0,0.13177759389,0.0,0.0,2.5454475401,11.869531596,0.0,11.896786548,0.0,16.3728028887,0.0,0.0,6.17777865373,6.02065921486,9.67467168476,0.0261865731448,30.8882232427,5.26677189236,9.49380828,
0.0,0.0,0.0,0.0,0.0,0.0,0.0,15.0807234702,5.59859358845,8.86374574011,1.44440806332,0.0,0.229382808186,63.6383901757,0.0,0.0,1.50210557949,45.818019767,15.6675494273,13.2310255372,3.0892094511,4.74301728042,1.1348116351,0.0,
3.56823956095,0.0,0.0,0.0,0.900258026373,0.0,0.0,3.44348695087,7.41334351654,0.0452942319519,67.0579697394,0.0,0.0813045530068,0.0,2.21210276918,10.9083139733,2.45038981553,0.151637211317,8.11892074471,3.9752018477,9.68818301693,0.0,7.30559388401,0.0,
3.19310268729,0.0,0.0,0.0,0.0,0.0,2.58379540324,156.465572028,27.9689946904,1.73790330779,9.34024602995,46.3755841901,0.0,7.87596406819,0.0,17.5207649982,13.8329229305,1.73677845128,0.0,27.7409184437,17.873948938,6.69317744803,4.42293579693,0.0,
0.0,0.0,0.0,0.0,0.0,0.0,0.0,2.8804506233,12.7285727212,4.06923033306,0.0,0.0,1.52497751844,0.0,0.0,0.0,0.0,4.38434550323,0.265079041453,23.3390618968,12.0780048,0.0,83.3062188854,39.8220120132,
0.661994849017,0.0,0.0,0.0,0.0,2.25328971968,0.0,0.0,0.0,1.5940781369,18.87405426,29.1389455308,3.12324669339,7.31567500336,1.70029381392,0.331291754521,2.02343674666,4.868415801,23.8730155653,45.0989516685,19.1573180221,13.7917403693,1.92368392829,6.23412965718,
0.0,5.17680661587,5.14113355889,0.0,0.0,15.1096463093,2.31032199759,6.78012794867,9.166748856,22.2204988942,1.250699464,1.5066950997,0.0,54.1893360688,4.64901390664,0.0,1.70781249183,0.0,2.92912313566,0.0,27.1626453265,10.2249655144,0.0,3.43360195727,
0.0,0.0,0.0,0.0,0.0,0.0,0.0,82.8296887472,74.1344344769,3.49893639882,0.0,0.0,29.433455455,10.7233843773,0.0,8.29344237826,24.6989361619,7.66138188282,5.74105237222,11.5045680228,33.160010755,0.0,0.0,0.0,
0.0,6.78049773252,8.86522850994,0.0,0.0,0.0,0.0,2.67222795221,0.0,0.0,35.5010535983,9.00305035075,0.0,0.631566480301,0.0,1.72684310525,0.0,0.0,20.3286089138,129.777168431,43.1818572084,21.86831357,2.41819787902,0.623987682538,
0.0,0.0,0.0,0.0,0.0,2.02821993894,30.3612851651,54.4877863203,1.61881583117,14.4498043381,0.0,0.0,6.84903047449,14.9383393289,0.0,3.5816545795,17.0128592526,0.0,0.0,0.36170109315,33.5139133851,0.635853124188,2.70419971659,0.0,
0.0,0.33802695743,2.40574206384,0.0715326756388,0.0,63.6727774477,47.8023416663,5.34503373185,86.8990164472,3.42403074058,2.9067513136,0.0,1.21016455963,0.375616677178,9.98119267413,0.0,0.462297448834,9.47023134974,0.809581576053,38.0433210671,0.0,27.1041554536,28.4477309345,3.13902211921,
0.0,0.0,0.0,0.0,36.9574058972,0.0,0.0,0.0,0.159850371528,60.4282090135,0.0,129.191350708,12.9668906159,12.40100316,1.5126893053,0.0,0.0,0.0,0.0106566914352,16.1179653565,5.51287474297,12.2588408607,0.0,2.7379283811,
8.11619228489,0.0,0.0,0.0,0.0,0.0,0.0,0.0,0.620162669987,48.8434175189,0.0,15.6853304688,0.432599909489,0.0,16.0373169298,13.306862932,0.0,0.0,31.7638207999,9.49905705413,4.89345354519,8.5709468218,0.0,2.63541098458,
0.0,0.0,0.0,0.0,0.0,0.0,0.0,36.5934187448,73.0780845007,52.7056785826,7.01232545791,52.1720041214,25.052723991,17.5333362657,1.80759800456,20.3440827288,2.10218406485,0.0,0.0,3.54876699267,15.4123726898,0.0,21.66390143,13.5421150029,
6.06410029906,0.0,0.0762210107749,0.0,0.0,0.0,0.0,4.4765832615,0.487590289516,0.0,3.51317210325,8.62782610569,1.04915979537,7.17486308779,3.59107445985,0.0,0.0,0.0,1.71833543409,0.0,0.0622097955589,12.1693008637,0.0,8.57933208108,
9.6212739508,0.0,0.0,0.0,0.0,0.0,0.0,8.33062293459,0.516899253887,0.332272365913,15.8823949609,47.2143342879,0.324988148785,0.0,0.695922897916,4.66554107045,0.0,0.0,14.6485606443,6.03245243072,0.00224129757783,0.206759701555,14.94479868,22.676498605,
0.0,0.0,0.0,2.049807835,0.0,0.0,0.0,21.868071534,17.3468979532,93.3836204555,5.52030784532,0.0,5.24272386548,22.3674986138,0.447327563882,0.0,0.146494875335,7.2939322251,7.56199263752,9.45998360362,27.650905886,13.4727397794,0.0,0.569173205891,
0.0240890234777,0.0,0.0,0.0,0.0,0.0,0.0,47.7427933555,9.18572765091,9.76225390826,3.49841606892,0.0,5.46613204,0.0,0.0,0.0,1.34005130402,11.2911574661,4.67911748955,4.64999202756,26.3408360491,2.62997320711,2.62409210421,4.4777597283,
0.477489545109,0.0,0.0,0.0,0.0,0.0,1.81415248137,1.32050364286,18.4094896114,47.8195361815,23.8340267347,2.57296606749,0.0,1.05505889023,3.04729456007,10.2812240795,0.913376353483,0.0,0.254524557117,17.0919642979,0.452488101541,0.168283013011,0.0,0.0,
0.0,0.0,0.0,1.22567554096,0.0,6.83388304133,0.0,19.8059424727,0.0,2.77414776962,58.4483175053,30.370324962,0.0,39.8613314751,1.01402394001,0.0,96.7917039527,0.0,23.3676245723,29.0225689595,16.583618479,0.391947409171,0.0,0.829528695267,
0.0,0.0,0.0,0.0,0.0,0.0,0.0,0.0,0.0,3.52033441008,1.94015885785,0.0,0.0,15.1335590054,39.6463651563,7.64306701121,5.67631529641,0.0,0.0,43.4286547168,26.3747955194,6.55807844779,6.33861739678,4.23078357777,
0.0,5.54746261895,0.0,0.0,0.0,42.5489263304,0.729398969978,6.0890539493,0.134348236988,0.822882951549,3.37801848376,0.223633836152,0.307041699949,0.44418885854,46.9731817097,0.0,0.0,5.86038205426,0.460702496003,3.76398977294,4.18494758216,0.0,0.0,0.00195924512274,
3.61760617305,0.0,0.101310951171,0.0,0.0,0.0,0.313168382212,1.85578153928,5.76744773962,4.2270734986,6.79053426472,2.1367655033,0.418677300974,9.4072962648,0.125939027699,0.0,0.0,0.0,0.0,13.7606578954,34.2719275401,0.0,78.1230573915,0.0,
31.9692023847,0.0,0.0,0.0,0.0,0.0,0.0,0.0,0.0,0.997916084891,0.0,0.0,0.0,0.94194771221,0.0,3.38076955176,0.0,0.0,0.0892695544252,0.0,0.0,15.1525973776,0.0,4.47746981443,
0.0,0.0,0.0,0.0,0.0,0.0,0.0,27.509521646,1.30621958136,0.114168292458,0.219382209037,0.616732638671,144.053521954,47.314922145,0.509839776614,7.9447699987,0.0,0.92481913376,0.195037499616,0.0,0.0,2.64937596322,8.85643739289,115.917473821,
0.0,0.0,0.0,0.0,0.0,0.0,0.0,10.1513339022,46.9547134727,7.06188680285,65.0273592475,9.45294341385,0.0,12.0551259659,1.937372838,8.62435514056,0.0,7.07419851611,0.0397332564389,0.0,14.3435418816,14.834601204,0.29904739,0.202024022175,
0.0,0.0,0.0,0.0,0.0,0.0,0.0,0.0,0.0,0.0,0.0,0.0,0.0,0.0,0.0,0.0,0.0,0.0,0.0,0.0,0.0,0.0,0.0,0.0,
0.0,0.0,0.0,0.0,0.0,0.0,0.0,0.0,0.0,0.0,0.0,0.0,0.0,0.0,0.0,0.0,0.0,0.0,0.0,0.0,0.0,0.0,0.0,0.0,
0.0,0.0,0.0,0.0,0.0,0.0,0.0,0.0,0.0,0.0,0.0,0.0,0.0,0.0,0.0,0.0,0.0,0.0,0.0,0.0,0.0,0.0,0.0,0.0,
0.0,0.0,0.0,0.0,0.0,0.0,0.0,0.0,0.0,0.0,0.0,0.0,0.0,0.0,0.0,0.0,0.0,0.0,0.0,0.0,0.0,0.0,0.0,0.0,
0.0,0.0,0.0,0.0,0.0,0.0,0.0,0.0,0.0,0.0,0.0,0.0,0.0,0.0,0.0,0.0,0.0,0.0,0.0,0.0,0.0,0.0,0.0,0.0,
0.0,0.0,0.0,0.0,0.0,0.0,0.0,0.0,0.0,0.0,0.0,0.0,0.0,0.0,0.0,0.0,0.0,0.0,0.0,0.0,0.0,0.0,0.0,0.0,
0.0,0.0,0.0,0.0,0.0,0.0,0.0,0.0,0.0,0.0,0.0,0.0,0.0,0.0,0.0,0.0,0.0,0.0,0.0,0.0,0.0,0.0,0.0,0.0,
0.0,0.0,0.0,0.0,0.231191274285,0.0,0.0,0.0,0.0,12.4487824532,0.0,73.6377795707,1.66899947768,1.43752831081,0.0,12.7641012214,6.26003747309,0.0,1.37455247943,5.12875170702,0.9132895012,29.0791601096,10.4839365144,6.38546940864,
0.0,0.0386296918676,1.05419869256,0.0,0.0,0.497147338818,0.0,24.130400928,0.0,4.40854360307,19.1093807611,3.50774397676,3.80250532123,2.17082072778,10.0602710038,0.375659757147,12.9258308093,124.39320632,0.648866853255,0.028832306249,0.172154061584,1.75261232452,0.465235854232,22.8922913111,
7.28925490024,0.0,13.914720936,0.0,0.0,0.0,23.9821903509,82.4437836699,128.870607586,73.6064716691,40.4552131644,5.48279535655,0.0,0.0,0.0,0.0,0.0,5.38956767815,10.522969213,4.34838528788,1.03390335231,0.0,0.0,0.00055992599638,
0.0985469753628,10.204525752,0.0,0.0,0.0,0.0,0.0,3.55523168348,73.0212723144,136.921640726,6.11028320051,25.2013481301,0.0,5.57099232689,0.0,0.0,12.4960919564,4.51369100872,14.2184066831,4.9191391837,15.4686318912,14.1302049047,1.76991568648,0.0,
0.0,3.6322902689,0.0,0.0,0.0,0.0,0.0,0.512777446597,20.5539460066,12.5071455914,34.8000410794,14.2376256731,8.307460786,12.6631005105,0.0,10.421612271,42.9565233212,4.59679356004,10.8677452718,11.3256322872,11.4594542343,34.1347898202,0.0,0.0,
0.0,0.0,0.0,0.0,0.0,0.0,0.0,2.30358922718,14.4509328574,30.1965142323,0.0,1.67055035881,1.80612151469,0.861325008946,0.0,0.0,10.0406687059,0.0,36.9728311807,34.7445903852,124.209808499,0.0,5.13377715901,1.27588143602,
0.280105693966,5.74362238231,0.0,0.0,0.0,0.0,3.38773142026,2.58478416171,9.52890514936,0.0316584229648,132.37815473,22.2032006936,45.3460682069,104.388746873,9.39246575127,0.0,5.27490962461,1.25176844077,0.109823909754,3.44376402728,0.0,84.6675105074,69.4280422139,7.51537341619,
3.0358466482,50.8600348906,0.0,0.0,0.0,0.0,0.0,21.566237852,24.7377611312,0.706447753732,27.4885460808,0.0,75.215480077,47.0957696482,0.0339072503775,0.0,3.84833280524,0.0,32.6564221634,14.8282728819,0.665815098321,0.415854211241,0.0,0.0,
0.0,0.0,0.0,0.0,0.0,0.0,0.0,16.0111302596,2.33791708236,3.53728732518,7.93787456808,7.63011318723,11.1615030045,5.2344564816,0.0,0.0,3.66790348156,0.0,5.57136768325,0.0,9.9430848315,0.943463481503,0.0,0.0,
0.0,0.0,0.0,0.0,0.0,0.0,0.0,3.11988958574,0.0,20.9846779038,75.0396807615,9.87581871476,27.405456552,5.832559728,1.475174277,16.912076257,7.12264512274,0.0,0.0,78.8198273543,0.174105987846,0.0,34.1895376809,42.7748413199,
0.0,0.0,0.0,0.0,0.0,0.0,5.08971196666,4.62502230174,25.6563661349,12.3158185425,4.10228148374,53.2040220104,6.06199867053,8.25952927666,0.0,0.0,0.078242858488,0.0,12.062020023,15.2270593982,18.030059549,6.50663555376,3.92016955716,2.396921612,
0.0,0.0,0.0,0.0,0.0,0.0,0.0,1.62478033408,2.74939089336,18.9113546654,0.0,0.0,1.37679935768,4.2555106471,0.980422525486,4.1884660166,10.7041381195,6.78777792537,3.03327861748,0.0,0.0,4.16181647728,6.59197394174,0.40619508352,
0.0,0.0,0.0,0.0,0.0,0.0,0.0,0.0,10.2828509433,0.0468614028527,2.65875324568,0.0,2.85938739562,14.9782512663,32.8500056124,42.4688937003,6.78985248399,3.29011945178,3.95992884465,0.0,0.0,3.80587549037,29.93502228,1.67859228662,
2.17835371464,0.0,0.0,0.0,1.5483274743,0.0,0.0,0.0,2.72697632574,22.7261126362,2.0732318211,11.0134475674,0.0,28.2022403912,3.53454306678,9.85360544919,0.0,4.93269737234,0.0,0.342450964221,14.8500211567,4.926332574,25.5321501463,0.0,
2.01765371379,0.0,0.0,0.0,0.0,0.0,0.0,0.0,47.5583603778,14.588566076,58.4402831387,0.368118759035,0.0,1.91725010427,0.465553701358,8.8379389326,3.04940482313,6.62220656986,6.50230824026,9.586929366,19.6665396195,0.0,8.00476736379,4.796871552,
0.0,0.0,9.19779661919,0.0,0.0,0.0,0.0,6.88268775569,16.5358097168,6.32062359215,0.0,1.79321220391,24.3311143977,3.72100678229,0.303924750098,0.0,0.0,0.0292127301388,0.0,0.171624789566,1.7213039451,1.45726580731,1.13704934233,0.0,
0.0,0.674669810066,1.66349240966,0.0,0.0,36.4731950631,0.0,0.0,3.32979477271,3.25420702639,0.0,19.9236935497,0.0,2.984795785,15.673490105,11.1732216683,8.42339729127,7.225969149,21.2235779901,29.9866986468,17.4475626183,3.73133711281,0.234350113117,4.20340928312,
0.0,0.0,0.0,0.0,0.0,0.0,0.0,0.0,15.920677378,0.0,0.0,0.0,0.0,26.3379823339,0.0,6.56376420829,0.0,3.02579691383,66.086066321,0.795522599977,10.9523503676,21.2677204484,0.0,0.0,
14.0591050584,0.0,0.0,0.0,0.0,0.0,0.0,4.39090245018,31.9511691165,7.25677198199,12.0675295211,0.0,2.74663406116,0.0,0.0,7.64091267284,11.2711265661,6.14343889629,1.53515668474,3.07593768413,0.0,0.0,0.987067221732,0.0,
0.0,0.0,0.0,0.0,0.0,0.0,1.09635196241,14.068584189,101.382875966,7.25049596493,8.33436032355,0.767755839216,19.1912648546,0.0,3.60217873409,0.0,4.62791628989,3.84806316189,1.42494808561,7.05018736928,0.0,0.0,0.0,0.0,
0.0,0.0,1.09316353074,0.0,9.01684662,14.059769822,0.0,3.3264932466,8.81904893723,0.0,9.69155330007,8.80047303789,5.50703350676,37.7703895574,0.0,2.29159049106,0.0,1.24177072544,13.3512869227,4.77372467685,18.1548456197,1.27554508788,3.45061402854,11.3304542371,
0.0,0.0,0.0,0.0,0.0,0.0,0.0,0.0,0.570476691914,0.0,57.1743792168,5.91341609422,0.0,0.0,6.95356461344,0.0,0.0,58.5203212638,35.5151306389,30.0688521715,1.21162942019,24.8969796647,27.6137335507,3.28742121328,
19.2756922121,0.0963436808926,0.0,0.0,0.0,0.0,3.18215853615,18.1574033682,0.0,6.81110384977,2.04209164559,5.87386576109,171.185255133,0.425940483946,0.0,16.8063381824,8.33879911726,4.92592281897,1.72967894936,0.391008856956,11.0598038358,1.44008449334,0.0,1.96912961824,
0.0,0.0,0.0,0.0,0.0,0.0,9.46642359609,79.9916739622,2.51851736497,10.4703357328,0.280712096633,2.06503768276,5.84084085404,0.0,1.30604403192,9.96020632029,7.31655223754,0.0,0.0,0.0,0.535494963456,7.76777720412,72.4882621664,4.66923424188,
0.0,0.0,0.0,0.0,0.0,0.0,0.0,22.6297112613,0.0,83.1203556981,36.3626761091,0.956744963612,1.15638405416,12.9497531547,7.23917284138,2.89786855026,14.411235367,5.09643633137,0.0,6.66253168294,6.24971864825,0.0,0.462440831218,7.0933911891,
0.0,0.0,0.0,0.0,0.0,0.0,0.0,0.432484718714,26.3973663701,0.609089698437,0.0,141.182139693,8.32187490713,0.0,7.14460241451,1.3307439127,0.365058855849,1.33159026245,6.29966325433,0.0,11.583706817,8.22172352087,0.263214770098,67.9144887838,
12.2788420726,0.0,0.0,0.0,0.0,0.0,0.0,5.37763221838,0.302075718,11.9095098065,8.10314222786,0.269841297542,0.948396192197,0.0,0.453310799009,0.0,4.35556596482,10.627682568,73.5501005303,3.22567609656,11.968330797,12.652732925,0.0,2.30748180691,
0.0,0.0,0.0,0.849485099594,0.0,0.0,0.0,68.3341290105,3.1225920034,2.5241681583,8.05740005868,0.731438300515,0.0,0.0,0.114657895756,0.286927148001,0.316580052076,0.0,4.01698007202,8.936595928,0.0,0.709128020306,0.0,2.83397040373,
0.0,0.0,3.52069782595,0.0,0.174056971171,0.0,0.0,0.0,1.33763912585,9.0156424986,7.39403055453,0.38004322439,3.5650597488,44.4814457347,7.962258751,0.0,7.54859088445,0.0,13.6405848754,97.4914004967,29.9037185152,31.3108779472,39.0334060251,5.14259233004,
0.0,15.2711288331,0.0,0.0,0.0,0.0,0.0,13.5858652265,3.43668250324,4.40243183,7.94179018,0.0,0.0,0.0415590924627,5.171138505,0.0,0.0,7.91121145839,23.1622675326,4.88361743674,0.0,4.59355193425,18.884508158,4.2622100542,
45.8979182588,1.57136072749,0.790630645065,0.0,0.0,54.1857793257,21.8154654662,0.0,0.0,0.0,0.0,4.75396730624,9.90225987876,2.66636295541,102.292613191,2.63072092991,9.10625464255,0.0441282220501,48.496700881,0.0,0.185281957967,0.0,18.1081290676,0.0,
0.0,0.0,0.0,0.0,0.0,1.48989542907,0.0,46.7695270491,24.6339378172,2.27956264927,8.49104537846,0.0,5.36407640042,122.008397113,5.88429444728,0.0,0.0,1.49442398661,0.0,1.89491829363,0.0,4.32194209764,0.0,0.0,
10.8659907708,0.0,0.0,0.0,2.52444224897,0.0,0.0,0.0,0.652208940923,0.0,0.0,0.580559413327,15.3172218841,30.0932841308,0.0,0.0,0.0,5.89281964513,2.63942133278,18.7138370891,77.7969248836,33.3674398812,0.0,57.2672301297,
0.0,0.811565198645,0.0,0.0,0.0,0.0,0.0,15.4701782314,0.0,9.62175150837,3.24399385268,1.6500503323,4.35252843966,0.0,0.0,0.0,0.0,0.0,0.0,3.04393623039,26.5569409399,5.12413878739,1.62228029408,0.0,
0.0,0.0,0.0,0.0,0.0,0.0,0.0,0.0,0.884641148154,41.9568305783,0.565943503755,0.707145840864,5.98607176918,0.703176297251,18.2780471072,12.1054067882,9.08855364197,0.226831063629,0.0,2.7330307779,1.23396098614,2.88812651766,1.57534173691,8.17021172709,
10.7535776884,6.5055369094,3.4264007525,0.0,0.0,0.0,2.45808860807,43.5851113026,105.826615806,42.2998918434,0.0,12.538975545,25.1387586987,41.8977074508,63.166692286,0.25874616927,6.90642324402,0.639488887648,72.0679009644,6.97394691539,0.75127177218,0.0,13.8183222073,21.22479387,
9.92200771022,18.4584495477,21.419363944,4.5413863408,0.0,0.0,0.0,5.29284284165,0.0,0.0,15.5419454883,32.3213188162,25.0359642439,0.0,1.12931392534,0.0,9.7345838361,1.71895319707,0.0,1.48985406742,0.253797548833,10.1084668023,8.41847037258,0.0,
0.0,17.3188745785,0.0,0.0,0.353950788537,0.0,0.0,0.0,3.84976197,3.13158386263,0.0,9.14675878019,11.3769896316,33.9405667112,4.93996005,2.10694462165,0.0,0.0,2.01007686974,76.9757744173,12.7538752431,15.5252587849,5.87001532451,0.722105059761,
1.61408377245,3.41483251122,0.0,0.0,0.0,0.0,11.558260942,0.0,0.0,84.392120691,0.0,0.0,0.0,14.3135310965,10.6478013041,2.18589903704,0.238771806387,3.69812047749,0.36412700474,1.16657082549,2.70494346378,2.67623399659,0.490903463846,0.797043029892,
0.0,0.0,15.6457568428,0.0,4.65908259252,0.0,0.0,4.32202441962,0.0,0.0,0.721332933739,8.45461361295,0.0,0.0,30.0067105066,0.0,0.0,4.91435097777,3.524973792,22.3980605226,17.4488047398,6.145613135,0.0,4.05778218956,
0.367777398787,23.810584222,0.0,0.0,0.926454189091,0.0,0.0,0.0,14.4990792155,105.221856635,28.8868700784,0.0481016153476,0.0,0.97170955501,9.14016079087,27.3709576326,3.0881806303,0.0,3.42403806291,6.56316655799,5.92987606007,24.739168514,0.38965154681,10.5971558735,
7.99543915781,47.4239911543,8.79480420819,0.0,0.0,0.0,0.0,0.0,0.0,89.0702134146,98.6602212676,12.0898296263,0.0296207661405,0.0,131.067693195,67.8834526969,19.32451805,4.341435945,0.0917104490119,30.6395496067,23.3531259512,0.319562496246,0.0,7.819899978,
7.300920267,24.7637346982,0.0,0.0,0.0,0.0,0.0,0.337733928935,0.0,5.70841591784,20.5085722011,30.0851103835,0.0,0.0,0.0,0.0,14.8109865696,6.61616491671,0.0,2.98773398905,0.831651987032,0.0,4.6484728953,9.11910108878,
0.0,0.0,0.0416395329137,0.0,0.0,0.0,0.0,0.0,19.0868774022,11.4371818418,0.313152103694,0.0,1.89374314073,0.0,4.17136855066,11.5629560474,0.0,0.0,4.01678891478,0.0,7.81425727605,5.08743827476,0.0,13.6460735022,
0.0,0.0,0.0,0.0,0.0,0.0,0.0,0.0,32.1536451528,8.11418477694,35.0241903495,1.98295367135,24.6171083653,0.0,0.0,2.9593043492,0.0,54.4621593547,80.3253206459,9.20583673332,0.538833697684,19.726793,21.206302475,0.0,
0.0,0.0,0.0,0.0,0.0,0.0,0.0,149.539511758,95.7308085818,31.2743532723,19.3773536341,4.27540530102,0.0,0.0,38.780525024,0.0,0.0,0.660874272983,4.63268866986,6.7986655438,0.0,14.2156512263,16.4196126631,16.1014562499,
0.0608324201147,0.0,0.0,0.0,0.0,0.0,2.60191615603,34.5532949646,79.4701930364,0.0,78.7659809627,0.0,12.1218883833,29.3545425599,0.113748092058,4.51677097208,10.038697823,1.542554575,0.0,3.27411593623,13.232279196,4.9117455028,50.7613721775,0.0,
2.04918045241,0.0,0.0,0.0,0.0,0.0,0.0,5.98230682668,9.18066879268,17.9357663965,12.6026844346,24.8315640681,24.5418438972,0.0,4.89635668943,0.0,0.0,0.0,0.0,81.5738172498,11.4194935687,102.471707842,0.0,87.3370464349,
3.10455326307,0.0,0.0,2.48828258426,0.0,0.0,0.0,0.0,1.34832059517,0.0,12.9754749528,0.696055123638,14.7002981645,0.315324653,0.03348620455,0.931967942,37.7214110637,5.14886170816,4.04410316489,0.0457931002394,0.0,3.85549283328,0.0377793076975,0.0,
35.6221664693,65.5726668434,0.0,0.0,0.0,22.317263196,8.22064902348,15.820558866,9.76383063615,20.1248330786,1.09266687817,0.0,0.0,2.67653262819,2.09253583537,6.28591349286,1.3702014011,13.2557820329,47.0952313093,0.854657395667,0.721475194264,4.60266231513,1.04655433102,4.06134110943,
4.17418796396,0.0,0.0,0.0,0.145603687815,0.0,0.0,26.7618431719,118.695954334,10.4841106332,8.399067708,0.0,0.0,5.15760017284,2.55902395388,15.197241605,0.162800973778,78.1307095845,0.0,25.1060311551,6.29220031222,73.9391577526,0.254519832244,27.3350200714,
58.5938344805,5.22950417704,0.0,0.0,0.0,0.0,0.0,2.72604254599,0.355383703124,1.12896711501,1.80445429891,0.243806414572,11.3266723589,59.8559089329,2.21835154153,0.0,0.0,7.70362479961,1.04033631253,2.76160959941,8.99413416,35.990542657,0.0,1.33376450325,
1.07619019703,1.30317148318,0.0,0.0,0.0,0.0,3.5805641148,42.3869441802,102.497020532,0.0,0.0,12.3227206548,69.927205844,5.97047727976,0.566908299401,2.35489401938,0.0694642068126,0.429128054483,0.0,1.01756451715,0.909349616456,0.0510935074903,5.20120424564,0.0,
0.0,10.6485297555,0.0,0.0,0.0,0.0,0.0,5.0292543555,5.68735475123,0.0,28.9469380088,0.0,25.5116596882,0.0,3.08166785046,20.6898031877,12.9928149277,32.7589825929,0.0,35.6177923502,63.352750786,6.97885164307,43.485440769,28.0860358325,
0.0,0.0,0.0,5.32190243795,0.0,0.0,0.0,0.0,28.7318913665,15.4801731909,0.0,0.0,0.116424700879,0.0,0.0,129.695679437,18.3046797624,0.0,7.92176662252,0.266195735837,2.76400863938,1.51983933597,0.0,0.0,
9.23664707146,0.0,0.0,0.0,2.32390602523,23.901882669,11.4705101557,0.0,7.84857689779,0.0,2.91538297347,2.74306065246,41.957752174,0.0,0.0,3.18983288038,0.0,17.4143356555,6.67080130144,0.0,0.0,9.27433553372,11.19345737,24.644393371,
1.38504914794,0.0,0.0,4.42414992108,2.01097723685,0.0,0.0,1.57624915845,0.0,13.6976771618,0.435879675962,0.0,26.9689753274,1.23739157681,8.21549698366,6.6007832397,2.32536337037,0.0,40.3352802917,11.9532947598,11.9869789883,1.53997383535,0.593360642112,5.28871178826,
12.0197995188,0.0,0.0,0.0,2.57748983323,0.0,0.0,28.6458320821,2.17383867558,16.5692893829,0.224154604321,0.0,0.0,13.0372697243,0.0,6.62101166745,14.0211237281,0.0,0.0,1.53335578945,0.868959237316,9.29982303119,0.658346106521,0.0,
1.58291182023,1.87965234308,0.0,0.0,0.127155496748,0.0,0.0,1.84101552548,0.162620635297,59.6157118887,1.48665247445,6.78710484796,12.3755325801,0.0,3.37668485809,0.0,0.0,0.0,24.4789582468,28.2188710995,1.95375429924,0.0,0.0,27.8323487304,
0.0,0.0,11.2805218,0.453317249764,0.0,0.0,0.0,0.0,0.622120936022,0.0,30.5498344254,34.6950728689,0.0,0.0,56.6392635292,0.122923709993,2.3863358724,3.41762540178,0.0,4.48931239454,0.0,0.0,3.01538208786,20.1087030564,
0.0,3.47971373401,0.0,0.0,0.0,0.0,0.0,0.00317650216383,2.41847323837,0.51748107978,0.587941673232,0.447020486328,0.0,3.51234507442,0.162001610355,2.91920548856,0.0,0.0,1.94228668672,0.0,0.0,3.31626825904,1.1859903988,18.8395455607,
1.84266002794,0.0,0.0,0.0,0.0,0.0,0.0,0.306621805019,0.0572206572986,0.0,10.026794008,15.906671361,0.0,5.76743766519,0.0945007825083,0.0,0.0,17.4127487235,0.0,31.3676129487,0.0,3.01362128439,0.0,0.0,
0.0,1.062861859,0.0,0.0,0.0,0.0,0.0,8.11824010396,6.954555252,17.3479300376,0.392463549023,13.3955299927,1.94438647021,0.0,16.6272084723,7.03455482895,4.84809614758,0.146342340314,1.92963655054,14.8042919288,14.0520460253,0.0,39.5804052065,5.87654152733,
0.0,1.50072317156,0.0,0.0,4.2471768215,0.0,0.0,15.6153357433,1.00723560984,6.94471586854,2.7560050221,1.13198231899,0.0,11.7866826838,1.79450022443,49.8610570424,0.147901550755,2.64601952447,14.0577377531,12.7982450982,15.7478972115,0.0,35.0546935777,2.44775619323,
0.0,0.0,0.0,0.0,0.0,0.0,0.0,137.054568094,4.32921896508,2.81286266358,8.07361971187,6.46283510965,0.0,0.0,0.0,0.341216375007,1.05203554671,3.11671323861,0.576997469452,5.66453941396,0.990628185505,21.9745662764,0.0,0.715453689532,
30.8586472932,2.28222180543,0.0,0.0,2.00596658117,2.43991628811,0.0,1.15574982069,1.49577854897,0.0,0.0,7.21162378706,40.5182059032,4.15397414859,2.01321357027,3.48377259719,18.6531701684,4.19194837144,9.0555476921,0.0,18.474024598,0.0,2.29439674711,8.30939769499,
0.0,0.0,0.495494284122,0.0,0.407013161957,0.0,0.0,0.0673036732531,0.0,0.0,15.300474667,11.383484952,11.34108836,26.7967254241,72.2681894617,0.0,0.0,0.0,2.65733468534,1.09513520056,16.1087675402,0.0,7.9508266071,0.0,
0.0,11.8507645288,0.0,0.0,6.78575955635,0.0,0.256647047782,3.71499504912,2.98569936583,0.264776139794,0.0,0.0,16.9326083346,0.0,0.0,0.0,13.3322915478,4.101491735,10.6351749484,21.8904834873,109.246286889,10.1561454079,42.111999833,11.1385980036,
0.0,0.0,0.0,0.0,0.0,0.0,0.0,71.6864969165,69.2874461157,0.269918638001,10.4783054477,11.2232692667,0.772275285046,0.0,23.519239945,0.29403408144,19.3330314022,0.393982425328,18.6153790492,0.0891980859703,21.6237079813,9.75484214452,3.65450659718,1.44373058367,
5.37106129397,0.0,0.0,0.0,0.0,1.27590031309,5.85873186156,0.0,4.88377886479,0.0,61.3923948537,1.11219660382,28.2128659022,0.553045213196,0.0,43.9480084523,10.538959981,1.98625228777,0.0,34.5446074115,128.581265278,0.858354084834,43.7257550553,0.0,
0.106712719896,0.13443884356,0.0,0.0,0.930014164539,0.0,190.178584867,25.298364029,0.0,0.0,14.7382219667,14.7407936681,19.0446298581,11.0749089763,3.23613501997,78.8347050689,92.8695965488,9.57047429835,23.3329961731,5.15057907145,48.4436696089,3.42353462009,0.0,6.36372958833,
0.0,0.0,0.0,0.844817266419,0.0,0.0,0.0,4.54587987894,0.0,5.13530081904,110.098240266,63.7491945329,0.178224118252,0.0,0.0,2.24003254509,0.0,0.0,3.28142053016,12.411912,10.6902437204,0.0,5.79082776378,1.93512951925,
0.0,0.0,0.767648788513,0.0,0.0,0.0,2.05114357386,0.0,4.04137651872,10.2784500658,20.6548234394,9.702762912,0.0,24.614249984,22.5555901266,0.0,0.0600363137562,8.54205998152,20.7250600978,57.7284226201,46.3201909824,29.4431488827,65.9044262682,0.0,
0.0,0.0396658561378,0.0,0.0,0.0,0.0,1.70621513534,5.46426334369,0.0119580889827,0.0,0.0,13.5248903002,2.45111658075,7.28743442249,88.2935708163,0.613654127308,0.0,0.0,8.03729409992,15.1088995993,58.396890056,33.178738695,11.4902894688,0.0,
3.30305750559,0.584057244849,0.0,0.0,0.0,0.0,35.0069493558,0.0426148714382,8.09857686935,0.0,43.6773243974,33.0906883789,4.16195514958,0.0,3.52244019532,1.00845466314,0.0,0.632217887228,6.3064172075,13.0208864032,71.3475106815,0.0,1.52742207011,75.5420049529,
2.868583698,0.0,0.0,0.0,0.0,0.0,0.0,0.0,0.686445034018,58.6846174717,13.3926517515,36.9135086782,6.520747266,23.5725224682,0.0,0.0,0.0,0.0,13.670629674,38.4256342989,0.0,11.4443531863,75.2869544969,2.45426007482,
0.0,4.72427087241,7.88460082734,0.0,0.0,0.0,0.0,0.141777821491,0.753030243632,1.81680239292,0.0,0.0,0.0,4.82687708961,0.105237145849,0.0,4.05163011519,0.0,6.50979444699,90.3776608553,4.29601415389,11.9885571901,0.0,8.08747465851,
30.0921054477,18.509140736,0.0,0.0,0.0,0.0,14.9189694023,17.0247156571,3.18816653031,34.9147824426,46.8132141842,0.0,3.74692942927,0.0,13.9667321059,19.5417816166,0.0,0.479775473454,0.0,4.10793121844,0.0,2.56445841482,3.27388251428,0.0,
0.41834080917,0.692684474441,0.0,0.0,0.0,0.0,81.0929754399,0.0,3.1826597302,14.2222819458,1.16550164529,8.26733544,0.264367743204,0.0,0.0,6.80593236573,8.55462398274,0.0,0.0,14.5574990732,0.135550681178,0.0,0.0,2.11786960613,
37.5495880485,31.7727283488,0.0,0.0,0.0,0.0,0.0,0.0,2.31751474965,0.0,1.14820989935,22.141620172,0.0,0.0,0.0,9.39194093741,0.0489285667752,3.14666351596,3.81467029589,48.897655134,1.33191176383,7.29768108525,3.98020706372,46.5881991621,
4.14515786069,0.0,0.761451038531,0.0,0.0,0.0,1.1127095461,27.7986521555,23.126205313,3.00240994785,0.0,74.8998660554,0.429250797231,6.057413082,29.038637192,0.0914796780984,5.19264454847,0.457984798685,112.879472283,50.6803280747,41.991174589,26.9914895087,0.0,0.0,
0.0,0.0,0.0,0.0,0.0,0.0,0.0,53.9289074716,17.2978130466,20.1836183002,0.0751160289714,85.7232338437,44.5212116869,0.0,0.0,7.80414461934,0.0,4.57151457568,0.0,6.25634363175,28.8240155858,1.49293107581,33.1428938297,1.09241006195,
0.0,0.0,0.0,0.0,0.0,0.136248516497,0.0,0.74408133794,64.5790775465,0.476869807741,41.624215429,0.0,19.5701613772,116.230849217,3.45671882803,11.1218724372,0.0,0.0,0.0,2.24193410228,0.0,82.5895048428,0.0,0.0,
1.62353027525,0.0,0.0,0.0,0.0,0.0,0.0,82.9259388447,3.70375100354,6.5174145912,0.975011570115,57.4322366816,0.0,0.141344353594,0.0,6.84947097282,3.63028720229,0.0987353488724,13.1938048483,4.72372242001,3.61735757327,0.0,0.307666399611,0.0,
2.46720830099,0.0,3.01716242992,0.0,0.0,0.0,0.0,0.0,0.502566334575,3.62088898632,1.62415088698,8.640082783,0.0,2.84807194287,0.0,22.480792908,4.16815402356,41.9697292396,0.0,1.66473260388,0.0,27.6999666183,24.061442862,33.559552355,
0.0,9.81262600132,0.0,0.0,0.0,0.0,0.0,0.0,0.0,12.3379074326,32.7978459907,0.0729825830232,0.0,3.42458999452,6.24619082527,1.51733144382,7.35152381655,6.04401729892,9.04483745653,0.0,13.6018346263,9.9992024434,0.201290672532,6.37067321487,
0.0,1.74342661581,0.0,0.0,0.0,0.0,0.0,79.6996286503,36.1952446311,8.76071874444,6.52636439746,9.27373380606,0.0,4.62125852285,5.92234953445,1.4966375104,7.52058876485,75.6900419317,12.492594095,1.27723669472,0.0,4.91104429818,0.0,0.0,
33.4997068246,0.0,0.0,0.0,0.0,0.0,0.0,0.0,11.7692337925,0.0,5.95637871995,3.57836576209,3.76373819368,5.06900766825,2.099388386,6.854620428,0.0,55.6412004515,2.92735192842,19.3945538163,0.388722157816,19.5772738601,13.7243382618,8.0393872199,
3.97268740512,0.167219970252,0.0,0.0,0.0,0.0,0.0,0.0,0.0613434811505,0.0,12.652977749,24.089703016,36.6981477571,5.13053433693,0.0,1.90754632731,0.0,8.13774363166,1.43154450723,26.1066296123,49.7206925442,35.4973145913,15.7912276669,0.0,
19.5178712395,0.0,0.0,0.0,7.63147644637,0.0,7.59074848019,0.363600393763,8.6750567973,8.47731957018,0.27535646703,0.0,3.58465128462,1.0819472756,0.170585249671,0.0,20.7819009,0.0,44.0732668853,0.0,2.54756379786,3.7835690325,29.452761046,0.0,
0.0,6.80135075147,0.0,0.0,0.0,0.0,33.4479732796,3.643295969,40.9855440159,133.062984319,53.4647488571,14.8977609083,4.328616335,0.0,19.607524269,63.5822483774,0.735392912031,0.0,19.115785635,3.93154636344,0.0,1.90316141572,19.815864268,81.2984247714,
0.0,0.0,0.0,0.0,0.0,0.748912347506,7.67383942501,0.0,0.500949656283,40.7048933691,0.0,20.2853578515,0.495334291405,41.5948976809,23.5164403681,10.488614028,0.0254169147141,2.24466822388,0.114080570693,0.0,0.980620035132,2.34810915585,37.8558345569,0.221068048909,
0.0,4.61667535907,0.21027906344,0.0,0.0,35.8509536852,0.0,38.1510382811,51.7330858734,28.8032039218,58.0887779596,28.0017183214,0.0,3.72232389937,0.813907148505,21.1615858611,0.0,0.604219587353,55.6455777584,0.0,142.45474932,2.16726438381,11.1857459401,0.477638097687,
0.0,0.0,0.0,0.0,0.0,0.0,11.3925050001,17.5658375142,5.79214203142,7.72236278299,9.95889731528,2.65323965621,0.0,4.98447989848,0.0,3.80420998783,6.35001785428,0.377934973896,4.62755775399,0.0,0.0,11.1885917683,0.460506514787,0.0,
0.0,0.0,2.9127146409,0.0,0.0,86.7485494267,76.7712801295,3.66525230258,34.4505877583,0.41639824963,52.5514729782,1.68484327322,0.847900560947,24.9406558993,4.58334232665,88.4434620744,2.24961671706,0.0,8.88029979741,0.241664986983,68.8084780401,8.71060122199,108.215637837,0.0,
6.712289012,0.0,0.0,0.0,0.0,0.0,0.0,0.0,0.0,17.4448929223,111.733673798,59.732991945,15.2823592234,16.7395578252,10.0344290136,0.0,1.30072089963,3.31863126774,57.8967498183,16.578931093,6.20050158,60.0998887363,0.0,0.0,
27.3453675393,0.510971046876,0.0,0.0,0.0,0.0,0.017200418293,0.0,5.23960328277,4.13788683521,13.272026001,3.23486487483,0.0,0.596083461533,0.0,0.318504297356,0.15984526655,7.73188458163,0.0,7.87630878351,24.3581647744,2.09459576557,0.0,1.65539198123,
9.920802528,31.24855955,0.0,0.0,0.0,0.0,3.36255338506,3.34979283475,14.0336377707,5.69001841013,2.77230422184,9.26594006665,8.52137679394,13.6077914987,0.523182562692,1.59773960155,0.0,0.0,36.8754667754,13.2677079951,27.4197101626,13.356440644,0.0,38.136113045,
0.0,3.40338275742,0.0,0.0,0.0,0.0,61.4497519871,0.0276166649018,9.35700119416,0.0,8.93057613181,8.15374607392,0.0,12.4800599552,3.24985785684,0.919367683184,20.8238561962,67.7825798978,4.88488320038,0.0,30.0368349981,6.90416622546,2.27080254306,11.7289087785,
0.0,0.0,0.0,0.834391868847,0.0,0.0,0.0,1.57488493764,2.6395665851,1.30240012862,8.45921215183,0.0805271354906,7.28726003975,1.99326946447,1.02189232086,0.240392814066,0.0,4.05399154796,0.0225832557095,5.40423252091,0.0,2.88946813842,1.52407261229,0.0,
0.0,0.0,0.0,0.0,0.0,0.0,0.0,0.134992854986,13.8537160782,0.0767140012915,114.744224079,1.69484421458,0.0,19.0322085064,0.0,6.52574490831,0.0,4.13958265884,6.62951694882,0.556027838818,1.43288671404,0.0,13.7029641454,0.0,
0.121315164833,0.0,0.0,0.0,0.0,0.0,0.0,0.0,11.4648126453,5.38414474942,20.7115312428,27.435970209,5.90036331376,1.45582561112,0.0,25.7740342099,65.1649322905,0.0,0.0,7.30858375468,6.88192241678,0.0,0.0,0.0154716803144,
0.364774616644,0.0,0.0,5.86511816099,0.0,0.0,141.918293914,8.34811742306,0.0,32.3939109962,0.452537035772,10.0245885076,2.44191366276,4.78438826635,0.0,1.0628665906,4.56347873968,0.0,0.0,8.30206141566,2.660386148,8.62946446174,107.581748603,18.3416997589,
21.476902176,0.0,4.26606138368,0.0,0.0,0.0,5.18362207234,1.42221906744,2.10890003736,6.7684996255,0.0,0.0,60.054049164,1.87682868137,7.51118754655,0.0,0.0,0.0,87.4957576801,54.7984411469,16.1305298147,88.0143781616,73.1565752962,0.0,
0.0,0.0,0.0,0.0,0.0,0.0,0.0,0.0,13.3173949889,82.3065447921,8.10609786085,4.31611778499,54.9398288773,21.185425606,41.5067504926,17.6865736874,0.0,95.7515966956,18.0150743987,120.372557379,2.47925627583,2.58716667283,0.0,0.620037640223,
7.5656515908,0.0,0.0,0.0,2.63529332024,0.0,0.0,19.9017590167,8.55075875623,0.0,1.97639542048,8.47350454344,0.0,0.0,4.88342074012,0.0,0.0,22.8538244373,6.79744329879,20.5907830767,50.2780457524,0.00775524915973,0.795807875314,10.2533342256,
2.51419212182,0.0,0.0,0.0,0.0,0.0,0.0,69.3040585411,148.350171624,17.912713686,35.6192152428,41.909249552,0.0,31.0816722509,0.0,24.4630298842,0.0,10.0846873842,0.168331814634,10.3156959383,18.9627673484,0.0,2.56616479118,4.16233242357,
0.0,0.0,0.0,0.0,0.0,0.0,2.43630950721,3.96355721742,0.0,1.89935382028,15.4991452703,6.97325655717,0.340748853607,0.305807910687,12.3105602484,16.7889737529,0.0,0.0,0.0,0.0,0.0,0.136777366303,0.51127260068,0.0,
0.0,0.0,0.0,0.0,0.0,0.0,0.0,0.0,32.1809490498,0.0609589541307,25.5210463328,1.22276490345,0.0,0.156879661366,0.697740970075,0.0,10.0077271215,0.0,10.8991024165,0.437171323006,26.573621725,45.8004942035,0.0,1.99311874535,
3.20572382311,0.0732535858111,4.88287473421,0.0,0.0,0.0,0.0,7.32984349453,9.69608381334,12.7123375834,0.0,0.0,3.47939582892,2.89247015974,1.06292447983,0.56689305591,0.227833601584,6.16197204074,9.62073726794,0.0,0.0,7.79418153031,16.3014642939,2.6371290892,
0.0,0.0,0.0,0.0,0.0,0.0,0.0,0.0,0.0,0.0,0.0,4.81480952457,3.67617617981,7.89504308148,3.90982637483,0.0,0.0694069721448,26.4745715215,9.12133264536,2.54801371447,0.00209417588368,2.89714275108,0.0,9.8282665901,
0.815831090685,0.0,0.0,2.16572229722,3.28465387248,0.0,1.32038715315,0.58341295885,0.0,0.0,14.5119857594,56.6108834194,13.139915192,12.6920007466,0.0,0.0,3.44090916469,9.63424632148,112.314627739,20.4640551661,0.0,0.0,0.0,14.2943658409,
6.32325056067,0.0,0.0,0.0,0.0733797466959,0.0,0.0,90.7473849476,0.0,2.1861174332,0.0203666235727,2.88876594646,0.521744974466,0.0,0.856296717566,0.0,3.48838330517,0.0,19.9601896288,121.634567632,6.79975669076,18.2691608539,19.9988263118,32.2226940746,
0.0,13.3089350771,0.0,0.0,0.0,0.0,0.0,8.59921848278,67.8177013524,21.9672288664,9.5186261254,0.0,11.3055973682,0.0,0.0,1.09981292322,0.0,0.0,1.03568214241,2.20442067117,6.88177219859,5.91891145682,10.681206499,0.0,
8.93305815484,0.0,4.22087218367,0.0,78.0772900666,0.0,94.5466973574,0.0,0.907321107323,13.5621417731,1.45723085975,1.71809317415,5.67810304342,0.0,3.71623853409,2.42751873261,0.0,2.17775056262,0.0,0.0,118.191917186,20.7622414922,12.9900437318,81.3644550697,
0.0,0.0,0.0,0.0,0.0,0.0,0.0,0.0,0.715211274083,47.758705478,0.104101640984,7.09631186123,0.0,38.3286041849,0.0,1.23751950738,3.04804804727,1.38242179152,0.389106133593,34.7396476112,39.921050228,16.5617708551,5.37908479208,0.0,
0.0,0.0,0.0,0.0,0.0,0.0,0.0,72.0799388357,3.84799432251,10.8491813291,10.3341693,8.65587212225,5.622848014,0.0,0.359598252331,7.12232665384,4.23173302284,4.95453151333,9.17876039901,0.0,0.0,13.7025544398,2.77442958789,20.9992772411,
0.321477235598,0.0,0.0,0.0,2.11728411316,0.0,0.0,1.32172586979,0.0,15.1813775774,10.7115259628,30.8858609053,0.0,2.7894091976,0.0,0.0,0.0,0.0,69.8688741144,50.9050771306,8.00614215,0.200616423772,6.59991995331,0.0,
0.0,0.0,0.0,0.0,2.11177491976,0.0,0.132511772853,0.0,16.1345853858,13.0288219295,3.50389973524,0.0,0.283052358339,4.78364495198,0.810695608068,0.0,14.3461271726,6.75900185614,33.649877339,7.53724283012,22.693154409,9.9356786421,2.08232785912,0.0,
1.13521423546,0.0,0.0,0.0,0.0,0.0,3.55710305161,2.40146544762,4.80172835871,0.0,0.0,15.484598146,28.5848084867,6.75645148596,6.23154429122,8.07683659436,0.134984725336,0.0,0.0,3.00934766283,29.7049986306,24.3187222548,73.7449326249,16.9405230254,
4.34566638024,0.0,0.0,0.0,0.0,25.9869847736,0.0,4.64202618159,1.33729335861,0.0,0.0,0.0,6.7911402273,5.3930881511,0.0,3.48730976151,1.18990835057,0.0,2.30281555409,193.154369528,2.03812411109,17.9472829782,0.0,0.0,
0.0,0.0,0.0,0.0,0.0,1.3542074328,0.197413350203,101.469258265,1.95005870323,5.67743942826,5.67473101339,0.0,6.54172470537,0.0,0.0,0.0,5.79480407243,0.287994780708,41.9968946367,17.7867622923,6.98289539347,10.9877381747,7.78669273859,0.0,
2.88717024672,1.07245363854,0.0,0.0,0.0,0.0,0.0,9.64576002749,0.0,27.7964808583,31.0270893764,4.20219972855,0.108389474979,98.9406224975,3.4543123512,0.0,0.0,1.81973885214,2.25088809706,6.64997526128,16.3099062474,5.11809079212,45.8051850069,1.243128644,
0.0,0.0,0.0,0.0,1.43504247732,0.0,0.74553529206,0.0,3.04359134989,11.2441783362,21.3521307646,0.575342387004,0.763608874898,0.0,0.0,0.0,0.0,0.0725955577319,3.20263887886,0.0,2.02604863612,0.0,1.59770472286,0.0,
0.0,0.251341314934,0.0,0.0,0.0,0.0,9.20233171,8.97806848104,10.5444446488,0.0,0.0,2.10566159166,14.8761510645,25.8170876713,2.64661801888,1.72925235622,2.29461963058,6.20306748835,0.316135538807,0.0,17.8099732478,18.5507369793,0.0,0.0,
0.0,0.0,0.0,0.0,0.0,0.0,0.0,0.0,0.0,0.0,0.0,0.0,0.0,0.0,0.0,0.0,0.0,0.0,0.0,0.0,0.0,0.0,0.0,0.0,
0.0,0.0,0.0,0.0,0.0,0.0,0.0,0.0,0.0,0.0,0.0,0.0,0.0,0.0,0.0,0.0,0.0,0.0,0.0,0.0,0.0,0.0,0.0,0.0,
0.0,0.0,0.0,0.0,0.0,0.0,0.0,0.0,0.0,0.0,0.0,0.0,0.0,0.0,0.0,0.0,0.0,0.0,0.0,0.0,0.0,0.0,0.0,0.0,
0.0,0.0,0.0,0.0,0.0,0.0,0.0,0.0,0.0,0.0,0.0,0.0,0.0,0.0,0.0,0.0,0.0,0.0,0.0,0.0,0.0,0.0,0.0,0.0,
0.0,0.0,0.0,0.0,0.0,10.5687631001,2.13664742849,0.0,18.4312269411,6.42141989394,2.90474106868,0.0,0.0,5.78894325904,0.0,2.71838095228,1.19427536503,0.0,6.32748472992,14.6064649413,1.73674338618,0.109641365075,0.0,0.0,
0.0,0.85816180075,0.0,0.0,0.0,0.0,0.0,0.0,18.2326143998,14.6730559446,0.0,3.77440107506,0.283737299614,0.0,0.0,29.93502228,6.592291515,0.0,0.78141071012,15.1296342829,85.3375433523,0.0,0.0,0.0,
0.0,4.17710470483,0.0,0.0,0.0,0.0,7.03015972034,23.142453885,0.00120917779848,0.836751036545,5.22455497276,2.05137013511,0.758759068544,0.0,6.8197627834,0.0,3.43225118097,0.0,0.930160021477,0.685301517286,42.2599404105,1.23789577119,0.137241680127,0.0,
0.0,0.619349438986,0.0,6.87483043647,15.190093248,7.829742044,0.0,0.0,0.181450030953,1.17216719996,106.432842239,93.6820461476,0.0,28.4391331348,11.2668988635,0.0852815145479,0.0,51.0600387102,0.0,7.91273343314,9.98398553647,4.17667729582,1.10230893804,0.945959494702,
6.21375630999,0.0,7.90890762533,14.439446445,0.0,0.0,0.0,0.0,12.5897514314,0.337630667503,2.43632595466,4.91803237538,0.876448067882,0.0,65.8264837783,2.46294916142,0.0,0.0,0.0,0.0,20.1722222375,9.98128224217,0.108005509228,0.0,
0.0,0.503615595347,0.0,0.0,0.0,0.0,10.9448622443,3.10431800569,0.0,0.316273015107,108.95529707,115.878195585,0.0,4.3061554631,0.942463319658,0.0,16.1038955606,4.26237166,34.329392878,13.0114849684,16.8072625339,4.57914901298,0.237280424731,2.71631608668,
